# Jewish months, exported from opentorah -- the oracle for date conversion.
#
# opentorah 41372eff83d888706816d8324e18fe313773a8a5  (Apache 2.0; see opentorah/LICENSE.md)
# generated 2026-09-18 over Jewish years 5700-5900
#
# M<TAB>jewish year<TAB>month<TAB>length in days<TAB>Gregorian date of its first day
M	5700	Tishrei	30	1939-09-14
M	5700	Marheshvan	30	1939-10-14
M	5700	Kislev	30	1939-11-13
M	5700	Teves	29	1939-12-13
M	5700	Shvat	30	1940-01-11
M	5700	AdarI	30	1940-02-10
M	5700	AdarII	29	1940-03-11
M	5700	Nisan	30	1940-04-09
M	5700	Iyar	29	1940-05-09
M	5700	Sivan	30	1940-06-07
M	5700	Tammuz	29	1940-07-07
M	5700	Av	30	1940-08-05
M	5700	Elul	29	1940-09-04
M	5701	Tishrei	30	1940-10-03
M	5701	Marheshvan	29	1940-11-02
M	5701	Kislev	30	1940-12-01
M	5701	Teves	29	1940-12-31
M	5701	Shvat	30	1941-01-29
M	5701	Adar	29	1941-02-28
M	5701	Nisan	30	1941-03-29
M	5701	Iyar	29	1941-04-28
M	5701	Sivan	30	1941-05-27
M	5701	Tammuz	29	1941-06-26
M	5701	Av	30	1941-07-25
M	5701	Elul	29	1941-08-24
M	5702	Tishrei	30	1941-09-22
M	5702	Marheshvan	30	1941-10-22
M	5702	Kislev	30	1941-11-21
M	5702	Teves	29	1941-12-21
M	5702	Shvat	30	1942-01-19
M	5702	Adar	29	1942-02-18
M	5702	Nisan	30	1942-03-19
M	5702	Iyar	29	1942-04-18
M	5702	Sivan	30	1942-05-17
M	5702	Tammuz	29	1942-06-16
M	5702	Av	30	1942-07-15
M	5702	Elul	29	1942-08-14
M	5703	Tishrei	30	1942-09-12
M	5703	Marheshvan	29	1942-10-12
M	5703	Kislev	29	1942-11-10
M	5703	Teves	29	1942-12-09
M	5703	Shvat	30	1943-01-07
M	5703	AdarI	30	1943-02-06
M	5703	AdarII	29	1943-03-08
M	5703	Nisan	30	1943-04-06
M	5703	Iyar	29	1943-05-06
M	5703	Sivan	30	1943-06-04
M	5703	Tammuz	29	1943-07-04
M	5703	Av	30	1943-08-02
M	5703	Elul	29	1943-09-01
M	5704	Tishrei	30	1943-09-30
M	5704	Marheshvan	29	1943-10-30
M	5704	Kislev	30	1943-11-28
M	5704	Teves	29	1943-12-28
M	5704	Shvat	30	1944-01-26
M	5704	Adar	29	1944-02-25
M	5704	Nisan	30	1944-03-25
M	5704	Iyar	29	1944-04-24
M	5704	Sivan	30	1944-05-23
M	5704	Tammuz	29	1944-06-22
M	5704	Av	30	1944-07-21
M	5704	Elul	29	1944-08-20
M	5705	Tishrei	30	1944-09-18
M	5705	Marheshvan	30	1944-10-18
M	5705	Kislev	30	1944-11-17
M	5705	Teves	29	1944-12-17
M	5705	Shvat	30	1945-01-15
M	5705	Adar	29	1945-02-14
M	5705	Nisan	30	1945-03-15
M	5705	Iyar	29	1945-04-14
M	5705	Sivan	30	1945-05-13
M	5705	Tammuz	29	1945-06-12
M	5705	Av	30	1945-07-11
M	5705	Elul	29	1945-08-10
M	5706	Tishrei	30	1945-09-08
M	5706	Marheshvan	29	1945-10-08
M	5706	Kislev	29	1945-11-06
M	5706	Teves	29	1945-12-05
M	5706	Shvat	30	1946-01-03
M	5706	AdarI	30	1946-02-02
M	5706	AdarII	29	1946-03-04
M	5706	Nisan	30	1946-04-02
M	5706	Iyar	29	1946-05-02
M	5706	Sivan	30	1946-05-31
M	5706	Tammuz	29	1946-06-30
M	5706	Av	30	1946-07-29
M	5706	Elul	29	1946-08-28
M	5707	Tishrei	30	1946-09-26
M	5707	Marheshvan	29	1946-10-26
M	5707	Kislev	30	1946-11-24
M	5707	Teves	29	1946-12-24
M	5707	Shvat	30	1947-01-22
M	5707	Adar	29	1947-02-21
M	5707	Nisan	30	1947-03-22
M	5707	Iyar	29	1947-04-21
M	5707	Sivan	30	1947-05-20
M	5707	Tammuz	29	1947-06-19
M	5707	Av	30	1947-07-18
M	5707	Elul	29	1947-08-17
M	5708	Tishrei	30	1947-09-15
M	5708	Marheshvan	30	1947-10-15
M	5708	Kislev	30	1947-11-14
M	5708	Teves	29	1947-12-14
M	5708	Shvat	30	1948-01-12
M	5708	AdarI	30	1948-02-11
M	5708	AdarII	29	1948-03-12
M	5708	Nisan	30	1948-04-10
M	5708	Iyar	29	1948-05-10
M	5708	Sivan	30	1948-06-08
M	5708	Tammuz	29	1948-07-08
M	5708	Av	30	1948-08-06
M	5708	Elul	29	1948-09-05
M	5709	Tishrei	30	1948-10-04
M	5709	Marheshvan	30	1948-11-03
M	5709	Kislev	30	1948-12-03
M	5709	Teves	29	1949-01-02
M	5709	Shvat	30	1949-01-31
M	5709	Adar	29	1949-03-02
M	5709	Nisan	30	1949-03-31
M	5709	Iyar	29	1949-04-30
M	5709	Sivan	30	1949-05-29
M	5709	Tammuz	29	1949-06-28
M	5709	Av	30	1949-07-27
M	5709	Elul	29	1949-08-26
M	5710	Tishrei	30	1949-09-24
M	5710	Marheshvan	29	1949-10-24
M	5710	Kislev	29	1949-11-22
M	5710	Teves	29	1949-12-21
M	5710	Shvat	30	1950-01-19
M	5710	Adar	29	1950-02-18
M	5710	Nisan	30	1950-03-19
M	5710	Iyar	29	1950-04-18
M	5710	Sivan	30	1950-05-17
M	5710	Tammuz	29	1950-06-16
M	5710	Av	30	1950-07-15
M	5710	Elul	29	1950-08-14
M	5711	Tishrei	30	1950-09-12
M	5711	Marheshvan	29	1950-10-12
M	5711	Kislev	30	1950-11-10
M	5711	Teves	29	1950-12-10
M	5711	Shvat	30	1951-01-08
M	5711	AdarI	30	1951-02-07
M	5711	AdarII	29	1951-03-09
M	5711	Nisan	30	1951-04-07
M	5711	Iyar	29	1951-05-07
M	5711	Sivan	30	1951-06-05
M	5711	Tammuz	29	1951-07-05
M	5711	Av	30	1951-08-03
M	5711	Elul	29	1951-09-02
M	5712	Tishrei	30	1951-10-01
M	5712	Marheshvan	30	1951-10-31
M	5712	Kislev	30	1951-11-30
M	5712	Teves	29	1951-12-30
M	5712	Shvat	30	1952-01-28
M	5712	Adar	29	1952-02-27
M	5712	Nisan	30	1952-03-27
M	5712	Iyar	29	1952-04-26
M	5712	Sivan	30	1952-05-25
M	5712	Tammuz	29	1952-06-24
M	5712	Av	30	1952-07-23
M	5712	Elul	29	1952-08-22
M	5713	Tishrei	30	1952-09-20
M	5713	Marheshvan	30	1952-10-20
M	5713	Kislev	30	1952-11-19
M	5713	Teves	29	1952-12-19
M	5713	Shvat	30	1953-01-17
M	5713	Adar	29	1953-02-16
M	5713	Nisan	30	1953-03-17
M	5713	Iyar	29	1953-04-16
M	5713	Sivan	30	1953-05-15
M	5713	Tammuz	29	1953-06-14
M	5713	Av	30	1953-07-13
M	5713	Elul	29	1953-08-12
M	5714	Tishrei	30	1953-09-10
M	5714	Marheshvan	29	1953-10-10
M	5714	Kislev	29	1953-11-08
M	5714	Teves	29	1953-12-07
M	5714	Shvat	30	1954-01-05
M	5714	AdarI	30	1954-02-04
M	5714	AdarII	29	1954-03-06
M	5714	Nisan	30	1954-04-04
M	5714	Iyar	29	1954-05-04
M	5714	Sivan	30	1954-06-02
M	5714	Tammuz	29	1954-07-02
M	5714	Av	30	1954-07-31
M	5714	Elul	29	1954-08-30
M	5715	Tishrei	30	1954-09-28
M	5715	Marheshvan	29	1954-10-28
M	5715	Kislev	30	1954-11-26
M	5715	Teves	29	1954-12-26
M	5715	Shvat	30	1955-01-24
M	5715	Adar	29	1955-02-23
M	5715	Nisan	30	1955-03-24
M	5715	Iyar	29	1955-04-23
M	5715	Sivan	30	1955-05-22
M	5715	Tammuz	29	1955-06-21
M	5715	Av	30	1955-07-20
M	5715	Elul	29	1955-08-19
M	5716	Tishrei	30	1955-09-17
M	5716	Marheshvan	30	1955-10-17
M	5716	Kislev	30	1955-11-16
M	5716	Teves	29	1955-12-16
M	5716	Shvat	30	1956-01-14
M	5716	Adar	29	1956-02-13
M	5716	Nisan	30	1956-03-13
M	5716	Iyar	29	1956-04-12
M	5716	Sivan	30	1956-05-11
M	5716	Tammuz	29	1956-06-10
M	5716	Av	30	1956-07-09
M	5716	Elul	29	1956-08-08
M	5717	Tishrei	30	1956-09-06
M	5717	Marheshvan	30	1956-10-06
M	5717	Kislev	30	1956-11-05
M	5717	Teves	29	1956-12-05
M	5717	Shvat	30	1957-01-03
M	5717	AdarI	30	1957-02-02
M	5717	AdarII	29	1957-03-04
M	5717	Nisan	30	1957-04-02
M	5717	Iyar	29	1957-05-02
M	5717	Sivan	30	1957-05-31
M	5717	Tammuz	29	1957-06-30
M	5717	Av	30	1957-07-29
M	5717	Elul	29	1957-08-28
M	5718	Tishrei	30	1957-09-26
M	5718	Marheshvan	29	1957-10-26
M	5718	Kislev	30	1957-11-24
M	5718	Teves	29	1957-12-24
M	5718	Shvat	30	1958-01-22
M	5718	Adar	29	1958-02-21
M	5718	Nisan	30	1958-03-22
M	5718	Iyar	29	1958-04-21
M	5718	Sivan	30	1958-05-20
M	5718	Tammuz	29	1958-06-19
M	5718	Av	30	1958-07-18
M	5718	Elul	29	1958-08-17
M	5719	Tishrei	30	1958-09-15
M	5719	Marheshvan	29	1958-10-15
M	5719	Kislev	29	1958-11-13
M	5719	Teves	29	1958-12-12
M	5719	Shvat	30	1959-01-10
M	5719	AdarI	30	1959-02-09
M	5719	AdarII	29	1959-03-11
M	5719	Nisan	30	1959-04-09
M	5719	Iyar	29	1959-05-09
M	5719	Sivan	30	1959-06-07
M	5719	Tammuz	29	1959-07-07
M	5719	Av	30	1959-08-05
M	5719	Elul	29	1959-09-04
M	5720	Tishrei	30	1959-10-03
M	5720	Marheshvan	30	1959-11-02
M	5720	Kislev	30	1959-12-02
M	5720	Teves	29	1960-01-01
M	5720	Shvat	30	1960-01-30
M	5720	Adar	29	1960-02-29
M	5720	Nisan	30	1960-03-29
M	5720	Iyar	29	1960-04-28
M	5720	Sivan	30	1960-05-27
M	5720	Tammuz	29	1960-06-26
M	5720	Av	30	1960-07-25
M	5720	Elul	29	1960-08-24
M	5721	Tishrei	30	1960-09-22
M	5721	Marheshvan	29	1960-10-22
M	5721	Kislev	30	1960-11-20
M	5721	Teves	29	1960-12-20
M	5721	Shvat	30	1961-01-18
M	5721	Adar	29	1961-02-17
M	5721	Nisan	30	1961-03-18
M	5721	Iyar	29	1961-04-17
M	5721	Sivan	30	1961-05-16
M	5721	Tammuz	29	1961-06-15
M	5721	Av	30	1961-07-14
M	5721	Elul	29	1961-08-13
M	5722	Tishrei	30	1961-09-11
M	5722	Marheshvan	29	1961-10-11
M	5722	Kislev	29	1961-11-09
M	5722	Teves	29	1961-12-08
M	5722	Shvat	30	1962-01-06
M	5722	AdarI	30	1962-02-05
M	5722	AdarII	29	1962-03-07
M	5722	Nisan	30	1962-04-05
M	5722	Iyar	29	1962-05-05
M	5722	Sivan	30	1962-06-03
M	5722	Tammuz	29	1962-07-03
M	5722	Av	30	1962-08-01
M	5722	Elul	29	1962-08-31
M	5723	Tishrei	30	1962-09-29
M	5723	Marheshvan	30	1962-10-29
M	5723	Kislev	30	1962-11-28
M	5723	Teves	29	1962-12-28
M	5723	Shvat	30	1963-01-26
M	5723	Adar	29	1963-02-25
M	5723	Nisan	30	1963-03-26
M	5723	Iyar	29	1963-04-25
M	5723	Sivan	30	1963-05-24
M	5723	Tammuz	29	1963-06-23
M	5723	Av	30	1963-07-22
M	5723	Elul	29	1963-08-21
M	5724	Tishrei	30	1963-09-19
M	5724	Marheshvan	29	1963-10-19
M	5724	Kislev	30	1963-11-17
M	5724	Teves	29	1963-12-17
M	5724	Shvat	30	1964-01-15
M	5724	Adar	29	1964-02-14
M	5724	Nisan	30	1964-03-14
M	5724	Iyar	29	1964-04-13
M	5724	Sivan	30	1964-05-12
M	5724	Tammuz	29	1964-06-11
M	5724	Av	30	1964-07-10
M	5724	Elul	29	1964-08-09
M	5725	Tishrei	30	1964-09-07
M	5725	Marheshvan	30	1964-10-07
M	5725	Kislev	30	1964-11-06
M	5725	Teves	29	1964-12-06
M	5725	Shvat	30	1965-01-04
M	5725	AdarI	30	1965-02-03
M	5725	AdarII	29	1965-03-05
M	5725	Nisan	30	1965-04-03
M	5725	Iyar	29	1965-05-03
M	5725	Sivan	30	1965-06-01
M	5725	Tammuz	29	1965-07-01
M	5725	Av	30	1965-07-30
M	5725	Elul	29	1965-08-29
M	5726	Tishrei	30	1965-09-27
M	5726	Marheshvan	29	1965-10-27
M	5726	Kislev	29	1965-11-25
M	5726	Teves	29	1965-12-24
M	5726	Shvat	30	1966-01-22
M	5726	Adar	29	1966-02-21
M	5726	Nisan	30	1966-03-22
M	5726	Iyar	29	1966-04-21
M	5726	Sivan	30	1966-05-20
M	5726	Tammuz	29	1966-06-19
M	5726	Av	30	1966-07-18
M	5726	Elul	29	1966-08-17
M	5727	Tishrei	30	1966-09-15
M	5727	Marheshvan	30	1966-10-15
M	5727	Kislev	30	1966-11-14
M	5727	Teves	29	1966-12-14
M	5727	Shvat	30	1967-01-12
M	5727	AdarI	30	1967-02-11
M	5727	AdarII	29	1967-03-13
M	5727	Nisan	30	1967-04-11
M	5727	Iyar	29	1967-05-11
M	5727	Sivan	30	1967-06-09
M	5727	Tammuz	29	1967-07-09
M	5727	Av	30	1967-08-07
M	5727	Elul	29	1967-09-06
M	5728	Tishrei	30	1967-10-05
M	5728	Marheshvan	29	1967-11-04
M	5728	Kislev	30	1967-12-03
M	5728	Teves	29	1968-01-02
M	5728	Shvat	30	1968-01-31
M	5728	Adar	29	1968-03-01
M	5728	Nisan	30	1968-03-30
M	5728	Iyar	29	1968-04-29
M	5728	Sivan	30	1968-05-28
M	5728	Tammuz	29	1968-06-27
M	5728	Av	30	1968-07-26
M	5728	Elul	29	1968-08-25
M	5729	Tishrei	30	1968-09-23
M	5729	Marheshvan	30	1968-10-23
M	5729	Kislev	30	1968-11-22
M	5729	Teves	29	1968-12-22
M	5729	Shvat	30	1969-01-20
M	5729	Adar	29	1969-02-19
M	5729	Nisan	30	1969-03-20
M	5729	Iyar	29	1969-04-19
M	5729	Sivan	30	1969-05-18
M	5729	Tammuz	29	1969-06-17
M	5729	Av	30	1969-07-16
M	5729	Elul	29	1969-08-15
M	5730	Tishrei	30	1969-09-13
M	5730	Marheshvan	29	1969-10-13
M	5730	Kislev	29	1969-11-11
M	5730	Teves	29	1969-12-10
M	5730	Shvat	30	1970-01-08
M	5730	AdarI	30	1970-02-07
M	5730	AdarII	29	1970-03-09
M	5730	Nisan	30	1970-04-07
M	5730	Iyar	29	1970-05-07
M	5730	Sivan	30	1970-06-05
M	5730	Tammuz	29	1970-07-05
M	5730	Av	30	1970-08-03
M	5730	Elul	29	1970-09-02
M	5731	Tishrei	30	1970-10-01
M	5731	Marheshvan	29	1970-10-31
M	5731	Kislev	30	1970-11-29
M	5731	Teves	29	1970-12-29
M	5731	Shvat	30	1971-01-27
M	5731	Adar	29	1971-02-26
M	5731	Nisan	30	1971-03-27
M	5731	Iyar	29	1971-04-26
M	5731	Sivan	30	1971-05-25
M	5731	Tammuz	29	1971-06-24
M	5731	Av	30	1971-07-23
M	5731	Elul	29	1971-08-22
M	5732	Tishrei	30	1971-09-20
M	5732	Marheshvan	30	1971-10-20
M	5732	Kislev	30	1971-11-19
M	5732	Teves	29	1971-12-19
M	5732	Shvat	30	1972-01-17
M	5732	Adar	29	1972-02-16
M	5732	Nisan	30	1972-03-16
M	5732	Iyar	29	1972-04-15
M	5732	Sivan	30	1972-05-14
M	5732	Tammuz	29	1972-06-13
M	5732	Av	30	1972-07-12
M	5732	Elul	29	1972-08-11
M	5733	Tishrei	30	1972-09-09
M	5733	Marheshvan	29	1972-10-09
M	5733	Kislev	29	1972-11-07
M	5733	Teves	29	1972-12-06
M	5733	Shvat	30	1973-01-04
M	5733	AdarI	30	1973-02-03
M	5733	AdarII	29	1973-03-05
M	5733	Nisan	30	1973-04-03
M	5733	Iyar	29	1973-05-03
M	5733	Sivan	30	1973-06-01
M	5733	Tammuz	29	1973-07-01
M	5733	Av	30	1973-07-30
M	5733	Elul	29	1973-08-29
M	5734	Tishrei	30	1973-09-27
M	5734	Marheshvan	30	1973-10-27
M	5734	Kislev	30	1973-11-26
M	5734	Teves	29	1973-12-26
M	5734	Shvat	30	1974-01-24
M	5734	Adar	29	1974-02-23
M	5734	Nisan	30	1974-03-24
M	5734	Iyar	29	1974-04-23
M	5734	Sivan	30	1974-05-22
M	5734	Tammuz	29	1974-06-21
M	5734	Av	30	1974-07-20
M	5734	Elul	29	1974-08-19
M	5735	Tishrei	30	1974-09-17
M	5735	Marheshvan	29	1974-10-17
M	5735	Kislev	30	1974-11-15
M	5735	Teves	29	1974-12-15
M	5735	Shvat	30	1975-01-13
M	5735	Adar	29	1975-02-12
M	5735	Nisan	30	1975-03-13
M	5735	Iyar	29	1975-04-12
M	5735	Sivan	30	1975-05-11
M	5735	Tammuz	29	1975-06-10
M	5735	Av	30	1975-07-09
M	5735	Elul	29	1975-08-08
M	5736	Tishrei	30	1975-09-06
M	5736	Marheshvan	30	1975-10-06
M	5736	Kislev	30	1975-11-05
M	5736	Teves	29	1975-12-05
M	5736	Shvat	30	1976-01-03
M	5736	AdarI	30	1976-02-02
M	5736	AdarII	29	1976-03-03
M	5736	Nisan	30	1976-04-01
M	5736	Iyar	29	1976-05-01
M	5736	Sivan	30	1976-05-30
M	5736	Tammuz	29	1976-06-29
M	5736	Av	30	1976-07-28
M	5736	Elul	29	1976-08-27
M	5737	Tishrei	30	1976-09-25
M	5737	Marheshvan	29	1976-10-25
M	5737	Kislev	29	1976-11-23
M	5737	Teves	29	1976-12-22
M	5737	Shvat	30	1977-01-20
M	5737	Adar	29	1977-02-19
M	5737	Nisan	30	1977-03-20
M	5737	Iyar	29	1977-04-19
M	5737	Sivan	30	1977-05-18
M	5737	Tammuz	29	1977-06-17
M	5737	Av	30	1977-07-16
M	5737	Elul	29	1977-08-15
M	5738	Tishrei	30	1977-09-13
M	5738	Marheshvan	29	1977-10-13
M	5738	Kislev	30	1977-11-11
M	5738	Teves	29	1977-12-11
M	5738	Shvat	30	1978-01-09
M	5738	AdarI	30	1978-02-08
M	5738	AdarII	29	1978-03-10
M	5738	Nisan	30	1978-04-08
M	5738	Iyar	29	1978-05-08
M	5738	Sivan	30	1978-06-06
M	5738	Tammuz	29	1978-07-06
M	5738	Av	30	1978-08-04
M	5738	Elul	29	1978-09-03
M	5739	Tishrei	30	1978-10-02
M	5739	Marheshvan	30	1978-11-01
M	5739	Kislev	30	1978-12-01
M	5739	Teves	29	1978-12-31
M	5739	Shvat	30	1979-01-29
M	5739	Adar	29	1979-02-28
M	5739	Nisan	30	1979-03-29
M	5739	Iyar	29	1979-04-28
M	5739	Sivan	30	1979-05-27
M	5739	Tammuz	29	1979-06-26
M	5739	Av	30	1979-07-25
M	5739	Elul	29	1979-08-24
M	5740	Tishrei	30	1979-09-22
M	5740	Marheshvan	30	1979-10-22
M	5740	Kislev	30	1979-11-21
M	5740	Teves	29	1979-12-21
M	5740	Shvat	30	1980-01-19
M	5740	Adar	29	1980-02-18
M	5740	Nisan	30	1980-03-18
M	5740	Iyar	29	1980-04-17
M	5740	Sivan	30	1980-05-16
M	5740	Tammuz	29	1980-06-15
M	5740	Av	30	1980-07-14
M	5740	Elul	29	1980-08-13
M	5741	Tishrei	30	1980-09-11
M	5741	Marheshvan	29	1980-10-11
M	5741	Kislev	29	1980-11-09
M	5741	Teves	29	1980-12-08
M	5741	Shvat	30	1981-01-06
M	5741	AdarI	30	1981-02-05
M	5741	AdarII	29	1981-03-07
M	5741	Nisan	30	1981-04-05
M	5741	Iyar	29	1981-05-05
M	5741	Sivan	30	1981-06-03
M	5741	Tammuz	29	1981-07-03
M	5741	Av	30	1981-08-01
M	5741	Elul	29	1981-08-31
M	5742	Tishrei	30	1981-09-29
M	5742	Marheshvan	29	1981-10-29
M	5742	Kislev	30	1981-11-27
M	5742	Teves	29	1981-12-27
M	5742	Shvat	30	1982-01-25
M	5742	Adar	29	1982-02-24
M	5742	Nisan	30	1982-03-25
M	5742	Iyar	29	1982-04-24
M	5742	Sivan	30	1982-05-23
M	5742	Tammuz	29	1982-06-22
M	5742	Av	30	1982-07-21
M	5742	Elul	29	1982-08-20
M	5743	Tishrei	30	1982-09-18
M	5743	Marheshvan	30	1982-10-18
M	5743	Kislev	30	1982-11-17
M	5743	Teves	29	1982-12-17
M	5743	Shvat	30	1983-01-15
M	5743	Adar	29	1983-02-14
M	5743	Nisan	30	1983-03-15
M	5743	Iyar	29	1983-04-14
M	5743	Sivan	30	1983-05-13
M	5743	Tammuz	29	1983-06-12
M	5743	Av	30	1983-07-11
M	5743	Elul	29	1983-08-10
M	5744	Tishrei	30	1983-09-08
M	5744	Marheshvan	30	1983-10-08
M	5744	Kislev	30	1983-11-07
M	5744	Teves	29	1983-12-07
M	5744	Shvat	30	1984-01-05
M	5744	AdarI	30	1984-02-04
M	5744	AdarII	29	1984-03-05
M	5744	Nisan	30	1984-04-03
M	5744	Iyar	29	1984-05-03
M	5744	Sivan	30	1984-06-01
M	5744	Tammuz	29	1984-07-01
M	5744	Av	30	1984-07-30
M	5744	Elul	29	1984-08-29
M	5745	Tishrei	30	1984-09-27
M	5745	Marheshvan	29	1984-10-27
M	5745	Kislev	30	1984-11-25
M	5745	Teves	29	1984-12-25
M	5745	Shvat	30	1985-01-23
M	5745	Adar	29	1985-02-22
M	5745	Nisan	30	1985-03-23
M	5745	Iyar	29	1985-04-22
M	5745	Sivan	30	1985-05-21
M	5745	Tammuz	29	1985-06-20
M	5745	Av	30	1985-07-19
M	5745	Elul	29	1985-08-18
M	5746	Tishrei	30	1985-09-16
M	5746	Marheshvan	29	1985-10-16
M	5746	Kislev	29	1985-11-14
M	5746	Teves	29	1985-12-13
M	5746	Shvat	30	1986-01-11
M	5746	AdarI	30	1986-02-10
M	5746	AdarII	29	1986-03-12
M	5746	Nisan	30	1986-04-10
M	5746	Iyar	29	1986-05-10
M	5746	Sivan	30	1986-06-08
M	5746	Tammuz	29	1986-07-08
M	5746	Av	30	1986-08-06
M	5746	Elul	29	1986-09-05
M	5747	Tishrei	30	1986-10-04
M	5747	Marheshvan	30	1986-11-03
M	5747	Kislev	30	1986-12-03
M	5747	Teves	29	1987-01-02
M	5747	Shvat	30	1987-01-31
M	5747	Adar	29	1987-03-02
M	5747	Nisan	30	1987-03-31
M	5747	Iyar	29	1987-04-30
M	5747	Sivan	30	1987-05-29
M	5747	Tammuz	29	1987-06-28
M	5747	Av	30	1987-07-27
M	5747	Elul	29	1987-08-26
M	5748	Tishrei	30	1987-09-24
M	5748	Marheshvan	29	1987-10-24
M	5748	Kislev	30	1987-11-22
M	5748	Teves	29	1987-12-22
M	5748	Shvat	30	1988-01-20
M	5748	Adar	29	1988-02-19
M	5748	Nisan	30	1988-03-19
M	5748	Iyar	29	1988-04-18
M	5748	Sivan	30	1988-05-17
M	5748	Tammuz	29	1988-06-16
M	5748	Av	30	1988-07-15
M	5748	Elul	29	1988-08-14
M	5749	Tishrei	30	1988-09-12
M	5749	Marheshvan	29	1988-10-12
M	5749	Kislev	29	1988-11-10
M	5749	Teves	29	1988-12-09
M	5749	Shvat	30	1989-01-07
M	5749	AdarI	30	1989-02-06
M	5749	AdarII	29	1989-03-08
M	5749	Nisan	30	1989-04-06
M	5749	Iyar	29	1989-05-06
M	5749	Sivan	30	1989-06-04
M	5749	Tammuz	29	1989-07-04
M	5749	Av	30	1989-08-02
M	5749	Elul	29	1989-09-01
M	5750	Tishrei	30	1989-09-30
M	5750	Marheshvan	30	1989-10-30
M	5750	Kislev	30	1989-11-29
M	5750	Teves	29	1989-12-29
M	5750	Shvat	30	1990-01-27
M	5750	Adar	29	1990-02-26
M	5750	Nisan	30	1990-03-27
M	5750	Iyar	29	1990-04-26
M	5750	Sivan	30	1990-05-25
M	5750	Tammuz	29	1990-06-24
M	5750	Av	30	1990-07-23
M	5750	Elul	29	1990-08-22
M	5751	Tishrei	30	1990-09-20
M	5751	Marheshvan	29	1990-10-20
M	5751	Kislev	30	1990-11-18
M	5751	Teves	29	1990-12-18
M	5751	Shvat	30	1991-01-16
M	5751	Adar	29	1991-02-15
M	5751	Nisan	30	1991-03-16
M	5751	Iyar	29	1991-04-15
M	5751	Sivan	30	1991-05-14
M	5751	Tammuz	29	1991-06-13
M	5751	Av	30	1991-07-12
M	5751	Elul	29	1991-08-11
M	5752	Tishrei	30	1991-09-09
M	5752	Marheshvan	30	1991-10-09
M	5752	Kislev	30	1991-11-08
M	5752	Teves	29	1991-12-08
M	5752	Shvat	30	1992-01-06
M	5752	AdarI	30	1992-02-05
M	5752	AdarII	29	1992-03-06
M	5752	Nisan	30	1992-04-04
M	5752	Iyar	29	1992-05-04
M	5752	Sivan	30	1992-06-02
M	5752	Tammuz	29	1992-07-02
M	5752	Av	30	1992-07-31
M	5752	Elul	29	1992-08-30
M	5753	Tishrei	30	1992-09-28
M	5753	Marheshvan	29	1992-10-28
M	5753	Kislev	29	1992-11-26
M	5753	Teves	29	1992-12-25
M	5753	Shvat	30	1993-01-23
M	5753	Adar	29	1993-02-22
M	5753	Nisan	30	1993-03-23
M	5753	Iyar	29	1993-04-22
M	5753	Sivan	30	1993-05-21
M	5753	Tammuz	29	1993-06-20
M	5753	Av	30	1993-07-19
M	5753	Elul	29	1993-08-18
M	5754	Tishrei	30	1993-09-16
M	5754	Marheshvan	30	1993-10-16
M	5754	Kislev	30	1993-11-15
M	5754	Teves	29	1993-12-15
M	5754	Shvat	30	1994-01-13
M	5754	Adar	29	1994-02-12
M	5754	Nisan	30	1994-03-13
M	5754	Iyar	29	1994-04-12
M	5754	Sivan	30	1994-05-11
M	5754	Tammuz	29	1994-06-10
M	5754	Av	30	1994-07-09
M	5754	Elul	29	1994-08-08
M	5755	Tishrei	30	1994-09-06
M	5755	Marheshvan	29	1994-10-06
M	5755	Kislev	30	1994-11-04
M	5755	Teves	29	1994-12-04
M	5755	Shvat	30	1995-01-02
M	5755	AdarI	30	1995-02-01
M	5755	AdarII	29	1995-03-03
M	5755	Nisan	30	1995-04-01
M	5755	Iyar	29	1995-05-01
M	5755	Sivan	30	1995-05-30
M	5755	Tammuz	29	1995-06-29
M	5755	Av	30	1995-07-28
M	5755	Elul	29	1995-08-27
M	5756	Tishrei	30	1995-09-25
M	5756	Marheshvan	30	1995-10-25
M	5756	Kislev	30	1995-11-24
M	5756	Teves	29	1995-12-24
M	5756	Shvat	30	1996-01-22
M	5756	Adar	29	1996-02-21
M	5756	Nisan	30	1996-03-21
M	5756	Iyar	29	1996-04-20
M	5756	Sivan	30	1996-05-19
M	5756	Tammuz	29	1996-06-18
M	5756	Av	30	1996-07-17
M	5756	Elul	29	1996-08-16
M	5757	Tishrei	30	1996-09-14
M	5757	Marheshvan	29	1996-10-14
M	5757	Kislev	29	1996-11-12
M	5757	Teves	29	1996-12-11
M	5757	Shvat	30	1997-01-09
M	5757	AdarI	30	1997-02-08
M	5757	AdarII	29	1997-03-10
M	5757	Nisan	30	1997-04-08
M	5757	Iyar	29	1997-05-08
M	5757	Sivan	30	1997-06-06
M	5757	Tammuz	29	1997-07-06
M	5757	Av	30	1997-08-04
M	5757	Elul	29	1997-09-03
M	5758	Tishrei	30	1997-10-02
M	5758	Marheshvan	29	1997-11-01
M	5758	Kislev	30	1997-11-30
M	5758	Teves	29	1997-12-30
M	5758	Shvat	30	1998-01-28
M	5758	Adar	29	1998-02-27
M	5758	Nisan	30	1998-03-28
M	5758	Iyar	29	1998-04-27
M	5758	Sivan	30	1998-05-26
M	5758	Tammuz	29	1998-06-25
M	5758	Av	30	1998-07-24
M	5758	Elul	29	1998-08-23
M	5759	Tishrei	30	1998-09-21
M	5759	Marheshvan	30	1998-10-21
M	5759	Kislev	30	1998-11-20
M	5759	Teves	29	1998-12-20
M	5759	Shvat	30	1999-01-18
M	5759	Adar	29	1999-02-17
M	5759	Nisan	30	1999-03-18
M	5759	Iyar	29	1999-04-17
M	5759	Sivan	30	1999-05-16
M	5759	Tammuz	29	1999-06-15
M	5759	Av	30	1999-07-14
M	5759	Elul	29	1999-08-13
M	5760	Tishrei	30	1999-09-11
M	5760	Marheshvan	30	1999-10-11
M	5760	Kislev	30	1999-11-10
M	5760	Teves	29	1999-12-10
M	5760	Shvat	30	2000-01-08
M	5760	AdarI	30	2000-02-07
M	5760	AdarII	29	2000-03-08
M	5760	Nisan	30	2000-04-06
M	5760	Iyar	29	2000-05-06
M	5760	Sivan	30	2000-06-04
M	5760	Tammuz	29	2000-07-04
M	5760	Av	30	2000-08-02
M	5760	Elul	29	2000-09-01
M	5761	Tishrei	30	2000-09-30
M	5761	Marheshvan	29	2000-10-30
M	5761	Kislev	29	2000-11-28
M	5761	Teves	29	2000-12-27
M	5761	Shvat	30	2001-01-25
M	5761	Adar	29	2001-02-24
M	5761	Nisan	30	2001-03-25
M	5761	Iyar	29	2001-04-24
M	5761	Sivan	30	2001-05-23
M	5761	Tammuz	29	2001-06-22
M	5761	Av	30	2001-07-21
M	5761	Elul	29	2001-08-20
M	5762	Tishrei	30	2001-09-18
M	5762	Marheshvan	29	2001-10-18
M	5762	Kislev	30	2001-11-16
M	5762	Teves	29	2001-12-16
M	5762	Shvat	30	2002-01-14
M	5762	Adar	29	2002-02-13
M	5762	Nisan	30	2002-03-14
M	5762	Iyar	29	2002-04-13
M	5762	Sivan	30	2002-05-12
M	5762	Tammuz	29	2002-06-11
M	5762	Av	30	2002-07-10
M	5762	Elul	29	2002-08-09
M	5763	Tishrei	30	2002-09-07
M	5763	Marheshvan	30	2002-10-07
M	5763	Kislev	30	2002-11-06
M	5763	Teves	29	2002-12-06
M	5763	Shvat	30	2003-01-04
M	5763	AdarI	30	2003-02-03
M	5763	AdarII	29	2003-03-05
M	5763	Nisan	30	2003-04-03
M	5763	Iyar	29	2003-05-03
M	5763	Sivan	30	2003-06-01
M	5763	Tammuz	29	2003-07-01
M	5763	Av	30	2003-07-30
M	5763	Elul	29	2003-08-29
M	5764	Tishrei	30	2003-09-27
M	5764	Marheshvan	30	2003-10-27
M	5764	Kislev	30	2003-11-26
M	5764	Teves	29	2003-12-26
M	5764	Shvat	30	2004-01-24
M	5764	Adar	29	2004-02-23
M	5764	Nisan	30	2004-03-23
M	5764	Iyar	29	2004-04-22
M	5764	Sivan	30	2004-05-21
M	5764	Tammuz	29	2004-06-20
M	5764	Av	30	2004-07-19
M	5764	Elul	29	2004-08-18
M	5765	Tishrei	30	2004-09-16
M	5765	Marheshvan	29	2004-10-16
M	5765	Kislev	29	2004-11-14
M	5765	Teves	29	2004-12-13
M	5765	Shvat	30	2005-01-11
M	5765	AdarI	30	2005-02-10
M	5765	AdarII	29	2005-03-12
M	5765	Nisan	30	2005-04-10
M	5765	Iyar	29	2005-05-10
M	5765	Sivan	30	2005-06-08
M	5765	Tammuz	29	2005-07-08
M	5765	Av	30	2005-08-06
M	5765	Elul	29	2005-09-05
M	5766	Tishrei	30	2005-10-04
M	5766	Marheshvan	29	2005-11-03
M	5766	Kislev	30	2005-12-02
M	5766	Teves	29	2006-01-01
M	5766	Shvat	30	2006-01-30
M	5766	Adar	29	2006-03-01
M	5766	Nisan	30	2006-03-30
M	5766	Iyar	29	2006-04-29
M	5766	Sivan	30	2006-05-28
M	5766	Tammuz	29	2006-06-27
M	5766	Av	30	2006-07-26
M	5766	Elul	29	2006-08-25
M	5767	Tishrei	30	2006-09-23
M	5767	Marheshvan	30	2006-10-23
M	5767	Kislev	30	2006-11-22
M	5767	Teves	29	2006-12-22
M	5767	Shvat	30	2007-01-20
M	5767	Adar	29	2007-02-19
M	5767	Nisan	30	2007-03-20
M	5767	Iyar	29	2007-04-19
M	5767	Sivan	30	2007-05-18
M	5767	Tammuz	29	2007-06-17
M	5767	Av	30	2007-07-16
M	5767	Elul	29	2007-08-15
M	5768	Tishrei	30	2007-09-13
M	5768	Marheshvan	29	2007-10-13
M	5768	Kislev	29	2007-11-11
M	5768	Teves	29	2007-12-10
M	5768	Shvat	30	2008-01-08
M	5768	AdarI	30	2008-02-07
M	5768	AdarII	29	2008-03-08
M	5768	Nisan	30	2008-04-06
M	5768	Iyar	29	2008-05-06
M	5768	Sivan	30	2008-06-04
M	5768	Tammuz	29	2008-07-04
M	5768	Av	30	2008-08-02
M	5768	Elul	29	2008-09-01
M	5769	Tishrei	30	2008-09-30
M	5769	Marheshvan	29	2008-10-30
M	5769	Kislev	30	2008-11-28
M	5769	Teves	29	2008-12-28
M	5769	Shvat	30	2009-01-26
M	5769	Adar	29	2009-02-25
M	5769	Nisan	30	2009-03-26
M	5769	Iyar	29	2009-04-25
M	5769	Sivan	30	2009-05-24
M	5769	Tammuz	29	2009-06-23
M	5769	Av	30	2009-07-22
M	5769	Elul	29	2009-08-21
M	5770	Tishrei	30	2009-09-19
M	5770	Marheshvan	30	2009-10-19
M	5770	Kislev	30	2009-11-18
M	5770	Teves	29	2009-12-18
M	5770	Shvat	30	2010-01-16
M	5770	Adar	29	2010-02-15
M	5770	Nisan	30	2010-03-16
M	5770	Iyar	29	2010-04-15
M	5770	Sivan	30	2010-05-14
M	5770	Tammuz	29	2010-06-13
M	5770	Av	30	2010-07-12
M	5770	Elul	29	2010-08-11
M	5771	Tishrei	30	2010-09-09
M	5771	Marheshvan	30	2010-10-09
M	5771	Kislev	30	2010-11-08
M	5771	Teves	29	2010-12-08
M	5771	Shvat	30	2011-01-06
M	5771	AdarI	30	2011-02-05
M	5771	AdarII	29	2011-03-07
M	5771	Nisan	30	2011-04-05
M	5771	Iyar	29	2011-05-05
M	5771	Sivan	30	2011-06-03
M	5771	Tammuz	29	2011-07-03
M	5771	Av	30	2011-08-01
M	5771	Elul	29	2011-08-31
M	5772	Tishrei	30	2011-09-29
M	5772	Marheshvan	29	2011-10-29
M	5772	Kislev	30	2011-11-27
M	5772	Teves	29	2011-12-27
M	5772	Shvat	30	2012-01-25
M	5772	Adar	29	2012-02-24
M	5772	Nisan	30	2012-03-24
M	5772	Iyar	29	2012-04-23
M	5772	Sivan	30	2012-05-22
M	5772	Tammuz	29	2012-06-21
M	5772	Av	30	2012-07-20
M	5772	Elul	29	2012-08-19
M	5773	Tishrei	30	2012-09-17
M	5773	Marheshvan	29	2012-10-17
M	5773	Kislev	29	2012-11-15
M	5773	Teves	29	2012-12-14
M	5773	Shvat	30	2013-01-12
M	5773	Adar	29	2013-02-11
M	5773	Nisan	30	2013-03-12
M	5773	Iyar	29	2013-04-11
M	5773	Sivan	30	2013-05-10
M	5773	Tammuz	29	2013-06-09
M	5773	Av	30	2013-07-08
M	5773	Elul	29	2013-08-07
M	5774	Tishrei	30	2013-09-05
M	5774	Marheshvan	30	2013-10-05
M	5774	Kislev	30	2013-11-04
M	5774	Teves	29	2013-12-04
M	5774	Shvat	30	2014-01-02
M	5774	AdarI	30	2014-02-01
M	5774	AdarII	29	2014-03-03
M	5774	Nisan	30	2014-04-01
M	5774	Iyar	29	2014-05-01
M	5774	Sivan	30	2014-05-30
M	5774	Tammuz	29	2014-06-29
M	5774	Av	30	2014-07-28
M	5774	Elul	29	2014-08-27
M	5775	Tishrei	30	2014-09-25
M	5775	Marheshvan	29	2014-10-25
M	5775	Kislev	30	2014-11-23
M	5775	Teves	29	2014-12-23
M	5775	Shvat	30	2015-01-21
M	5775	Adar	29	2015-02-20
M	5775	Nisan	30	2015-03-21
M	5775	Iyar	29	2015-04-20
M	5775	Sivan	30	2015-05-19
M	5775	Tammuz	29	2015-06-18
M	5775	Av	30	2015-07-17
M	5775	Elul	29	2015-08-16
M	5776	Tishrei	30	2015-09-14
M	5776	Marheshvan	30	2015-10-14
M	5776	Kislev	30	2015-11-13
M	5776	Teves	29	2015-12-13
M	5776	Shvat	30	2016-01-11
M	5776	AdarI	30	2016-02-10
M	5776	AdarII	29	2016-03-11
M	5776	Nisan	30	2016-04-09
M	5776	Iyar	29	2016-05-09
M	5776	Sivan	30	2016-06-07
M	5776	Tammuz	29	2016-07-07
M	5776	Av	30	2016-08-05
M	5776	Elul	29	2016-09-04
M	5777	Tishrei	30	2016-10-03
M	5777	Marheshvan	29	2016-11-02
M	5777	Kislev	29	2016-12-01
M	5777	Teves	29	2016-12-30
M	5777	Shvat	30	2017-01-28
M	5777	Adar	29	2017-02-27
M	5777	Nisan	30	2017-03-28
M	5777	Iyar	29	2017-04-27
M	5777	Sivan	30	2017-05-26
M	5777	Tammuz	29	2017-06-25
M	5777	Av	30	2017-07-24
M	5777	Elul	29	2017-08-23
M	5778	Tishrei	30	2017-09-21
M	5778	Marheshvan	29	2017-10-21
M	5778	Kislev	30	2017-11-19
M	5778	Teves	29	2017-12-19
M	5778	Shvat	30	2018-01-17
M	5778	Adar	29	2018-02-16
M	5778	Nisan	30	2018-03-17
M	5778	Iyar	29	2018-04-16
M	5778	Sivan	30	2018-05-15
M	5778	Tammuz	29	2018-06-14
M	5778	Av	30	2018-07-13
M	5778	Elul	29	2018-08-12
M	5779	Tishrei	30	2018-09-10
M	5779	Marheshvan	30	2018-10-10
M	5779	Kislev	30	2018-11-09
M	5779	Teves	29	2018-12-09
M	5779	Shvat	30	2019-01-07
M	5779	AdarI	30	2019-02-06
M	5779	AdarII	29	2019-03-08
M	5779	Nisan	30	2019-04-06
M	5779	Iyar	29	2019-05-06
M	5779	Sivan	30	2019-06-04
M	5779	Tammuz	29	2019-07-04
M	5779	Av	30	2019-08-02
M	5779	Elul	29	2019-09-01
M	5780	Tishrei	30	2019-09-30
M	5780	Marheshvan	30	2019-10-30
M	5780	Kislev	30	2019-11-29
M	5780	Teves	29	2019-12-29
M	5780	Shvat	30	2020-01-27
M	5780	Adar	29	2020-02-26
M	5780	Nisan	30	2020-03-26
M	5780	Iyar	29	2020-04-25
M	5780	Sivan	30	2020-05-24
M	5780	Tammuz	29	2020-06-23
M	5780	Av	30	2020-07-22
M	5780	Elul	29	2020-08-21
M	5781	Tishrei	30	2020-09-19
M	5781	Marheshvan	29	2020-10-19
M	5781	Kislev	29	2020-11-17
M	5781	Teves	29	2020-12-16
M	5781	Shvat	30	2021-01-14
M	5781	Adar	29	2021-02-13
M	5781	Nisan	30	2021-03-14
M	5781	Iyar	29	2021-04-13
M	5781	Sivan	30	2021-05-12
M	5781	Tammuz	29	2021-06-11
M	5781	Av	30	2021-07-10
M	5781	Elul	29	2021-08-09
M	5782	Tishrei	30	2021-09-07
M	5782	Marheshvan	29	2021-10-07
M	5782	Kislev	30	2021-11-05
M	5782	Teves	29	2021-12-05
M	5782	Shvat	30	2022-01-03
M	5782	AdarI	30	2022-02-02
M	5782	AdarII	29	2022-03-04
M	5782	Nisan	30	2022-04-02
M	5782	Iyar	29	2022-05-02
M	5782	Sivan	30	2022-05-31
M	5782	Tammuz	29	2022-06-30
M	5782	Av	30	2022-07-29
M	5782	Elul	29	2022-08-28
M	5783	Tishrei	30	2022-09-26
M	5783	Marheshvan	30	2022-10-26
M	5783	Kislev	30	2022-11-25
M	5783	Teves	29	2022-12-25
M	5783	Shvat	30	2023-01-23
M	5783	Adar	29	2023-02-22
M	5783	Nisan	30	2023-03-23
M	5783	Iyar	29	2023-04-22
M	5783	Sivan	30	2023-05-21
M	5783	Tammuz	29	2023-06-20
M	5783	Av	30	2023-07-19
M	5783	Elul	29	2023-08-18
M	5784	Tishrei	30	2023-09-16
M	5784	Marheshvan	29	2023-10-16
M	5784	Kislev	29	2023-11-14
M	5784	Teves	29	2023-12-13
M	5784	Shvat	30	2024-01-11
M	5784	AdarI	30	2024-02-10
M	5784	AdarII	29	2024-03-11
M	5784	Nisan	30	2024-04-09
M	5784	Iyar	29	2024-05-09
M	5784	Sivan	30	2024-06-07
M	5784	Tammuz	29	2024-07-07
M	5784	Av	30	2024-08-05
M	5784	Elul	29	2024-09-04
M	5785	Tishrei	30	2024-10-03
M	5785	Marheshvan	30	2024-11-02
M	5785	Kislev	30	2024-12-02
M	5785	Teves	29	2025-01-01
M	5785	Shvat	30	2025-01-30
M	5785	Adar	29	2025-03-01
M	5785	Nisan	30	2025-03-30
M	5785	Iyar	29	2025-04-29
M	5785	Sivan	30	2025-05-28
M	5785	Tammuz	29	2025-06-27
M	5785	Av	30	2025-07-26
M	5785	Elul	29	2025-08-25
M	5786	Tishrei	30	2025-09-23
M	5786	Marheshvan	29	2025-10-23
M	5786	Kislev	30	2025-11-21
M	5786	Teves	29	2025-12-21
M	5786	Shvat	30	2026-01-19
M	5786	Adar	29	2026-02-18
M	5786	Nisan	30	2026-03-19
M	5786	Iyar	29	2026-04-18
M	5786	Sivan	30	2026-05-17
M	5786	Tammuz	29	2026-06-16
M	5786	Av	30	2026-07-15
M	5786	Elul	29	2026-08-14
M	5787	Tishrei	30	2026-09-12
M	5787	Marheshvan	30	2026-10-12
M	5787	Kislev	30	2026-11-11
M	5787	Teves	29	2026-12-11
M	5787	Shvat	30	2027-01-09
M	5787	AdarI	30	2027-02-08
M	5787	AdarII	29	2027-03-10
M	5787	Nisan	30	2027-04-08
M	5787	Iyar	29	2027-05-08
M	5787	Sivan	30	2027-06-06
M	5787	Tammuz	29	2027-07-06
M	5787	Av	30	2027-08-04
M	5787	Elul	29	2027-09-03
M	5788	Tishrei	30	2027-10-02
M	5788	Marheshvan	30	2027-11-01
M	5788	Kislev	30	2027-12-01
M	5788	Teves	29	2027-12-31
M	5788	Shvat	30	2028-01-29
M	5788	Adar	29	2028-02-28
M	5788	Nisan	30	2028-03-28
M	5788	Iyar	29	2028-04-27
M	5788	Sivan	30	2028-05-26
M	5788	Tammuz	29	2028-06-25
M	5788	Av	30	2028-07-24
M	5788	Elul	29	2028-08-23
M	5789	Tishrei	30	2028-09-21
M	5789	Marheshvan	29	2028-10-21
M	5789	Kislev	30	2028-11-19
M	5789	Teves	29	2028-12-19
M	5789	Shvat	30	2029-01-17
M	5789	Adar	29	2029-02-16
M	5789	Nisan	30	2029-03-17
M	5789	Iyar	29	2029-04-16
M	5789	Sivan	30	2029-05-15
M	5789	Tammuz	29	2029-06-14
M	5789	Av	30	2029-07-13
M	5789	Elul	29	2029-08-12
M	5790	Tishrei	30	2029-09-10
M	5790	Marheshvan	29	2029-10-10
M	5790	Kislev	29	2029-11-08
M	5790	Teves	29	2029-12-07
M	5790	Shvat	30	2030-01-05
M	5790	AdarI	30	2030-02-04
M	5790	AdarII	29	2030-03-06
M	5790	Nisan	30	2030-04-04
M	5790	Iyar	29	2030-05-04
M	5790	Sivan	30	2030-06-02
M	5790	Tammuz	29	2030-07-02
M	5790	Av	30	2030-07-31
M	5790	Elul	29	2030-08-30
M	5791	Tishrei	30	2030-09-28
M	5791	Marheshvan	30	2030-10-28
M	5791	Kislev	30	2030-11-27
M	5791	Teves	29	2030-12-27
M	5791	Shvat	30	2031-01-25
M	5791	Adar	29	2031-02-24
M	5791	Nisan	30	2031-03-25
M	5791	Iyar	29	2031-04-24
M	5791	Sivan	30	2031-05-23
M	5791	Tammuz	29	2031-06-22
M	5791	Av	30	2031-07-21
M	5791	Elul	29	2031-08-20
M	5792	Tishrei	30	2031-09-18
M	5792	Marheshvan	29	2031-10-18
M	5792	Kislev	30	2031-11-16
M	5792	Teves	29	2031-12-16
M	5792	Shvat	30	2032-01-14
M	5792	Adar	29	2032-02-13
M	5792	Nisan	30	2032-03-13
M	5792	Iyar	29	2032-04-12
M	5792	Sivan	30	2032-05-11
M	5792	Tammuz	29	2032-06-10
M	5792	Av	30	2032-07-09
M	5792	Elul	29	2032-08-08
M	5793	Tishrei	30	2032-09-06
M	5793	Marheshvan	29	2032-10-06
M	5793	Kislev	29	2032-11-04
M	5793	Teves	29	2032-12-03
M	5793	Shvat	30	2033-01-01
M	5793	AdarI	30	2033-01-31
M	5793	AdarII	29	2033-03-02
M	5793	Nisan	30	2033-03-31
M	5793	Iyar	29	2033-04-30
M	5793	Sivan	30	2033-05-29
M	5793	Tammuz	29	2033-06-28
M	5793	Av	30	2033-07-27
M	5793	Elul	29	2033-08-26
M	5794	Tishrei	30	2033-09-24
M	5794	Marheshvan	30	2033-10-24
M	5794	Kislev	30	2033-11-23
M	5794	Teves	29	2033-12-23
M	5794	Shvat	30	2034-01-21
M	5794	Adar	29	2034-02-20
M	5794	Nisan	30	2034-03-21
M	5794	Iyar	29	2034-04-20
M	5794	Sivan	30	2034-05-19
M	5794	Tammuz	29	2034-06-18
M	5794	Av	30	2034-07-17
M	5794	Elul	29	2034-08-16
M	5795	Tishrei	30	2034-09-14
M	5795	Marheshvan	30	2034-10-14
M	5795	Kislev	30	2034-11-13
M	5795	Teves	29	2034-12-13
M	5795	Shvat	30	2035-01-11
M	5795	AdarI	30	2035-02-10
M	5795	AdarII	29	2035-03-12
M	5795	Nisan	30	2035-04-10
M	5795	Iyar	29	2035-05-10
M	5795	Sivan	30	2035-06-08
M	5795	Tammuz	29	2035-07-08
M	5795	Av	30	2035-08-06
M	5795	Elul	29	2035-09-05
M	5796	Tishrei	30	2035-10-04
M	5796	Marheshvan	29	2035-11-03
M	5796	Kislev	30	2035-12-02
M	5796	Teves	29	2036-01-01
M	5796	Shvat	30	2036-01-30
M	5796	Adar	29	2036-02-29
M	5796	Nisan	30	2036-03-29
M	5796	Iyar	29	2036-04-28
M	5796	Sivan	30	2036-05-27
M	5796	Tammuz	29	2036-06-26
M	5796	Av	30	2036-07-25
M	5796	Elul	29	2036-08-24
M	5797	Tishrei	30	2036-09-22
M	5797	Marheshvan	29	2036-10-22
M	5797	Kislev	29	2036-11-20
M	5797	Teves	29	2036-12-19
M	5797	Shvat	30	2037-01-17
M	5797	Adar	29	2037-02-16
M	5797	Nisan	30	2037-03-17
M	5797	Iyar	29	2037-04-16
M	5797	Sivan	30	2037-05-15
M	5797	Tammuz	29	2037-06-14
M	5797	Av	30	2037-07-13
M	5797	Elul	29	2037-08-12
M	5798	Tishrei	30	2037-09-10
M	5798	Marheshvan	30	2037-10-10
M	5798	Kislev	30	2037-11-09
M	5798	Teves	29	2037-12-09
M	5798	Shvat	30	2038-01-07
M	5798	AdarI	30	2038-02-06
M	5798	AdarII	29	2038-03-08
M	5798	Nisan	30	2038-04-06
M	5798	Iyar	29	2038-05-06
M	5798	Sivan	30	2038-06-04
M	5798	Tammuz	29	2038-07-04
M	5798	Av	30	2038-08-02
M	5798	Elul	29	2038-09-01
M	5799	Tishrei	30	2038-09-30
M	5799	Marheshvan	29	2038-10-30
M	5799	Kislev	30	2038-11-28
M	5799	Teves	29	2038-12-28
M	5799	Shvat	30	2039-01-26
M	5799	Adar	29	2039-02-25
M	5799	Nisan	30	2039-03-26
M	5799	Iyar	29	2039-04-25
M	5799	Sivan	30	2039-05-24
M	5799	Tammuz	29	2039-06-23
M	5799	Av	30	2039-07-22
M	5799	Elul	29	2039-08-21
M	5800	Tishrei	30	2039-09-19
M	5800	Marheshvan	30	2039-10-19
M	5800	Kislev	30	2039-11-18
M	5800	Teves	29	2039-12-18
M	5800	Shvat	30	2040-01-16
M	5800	Adar	29	2040-02-15
M	5800	Nisan	30	2040-03-15
M	5800	Iyar	29	2040-04-14
M	5800	Sivan	30	2040-05-13
M	5800	Tammuz	29	2040-06-12
M	5800	Av	30	2040-07-11
M	5800	Elul	29	2040-08-10
M	5801	Tishrei	30	2040-09-08
M	5801	Marheshvan	29	2040-10-08
M	5801	Kislev	29	2040-11-06
M	5801	Teves	29	2040-12-05
M	5801	Shvat	30	2041-01-03
M	5801	AdarI	30	2041-02-02
M	5801	AdarII	29	2041-03-04
M	5801	Nisan	30	2041-04-02
M	5801	Iyar	29	2041-05-02
M	5801	Sivan	30	2041-05-31
M	5801	Tammuz	29	2041-06-30
M	5801	Av	30	2041-07-29
M	5801	Elul	29	2041-08-28
M	5802	Tishrei	30	2041-09-26
M	5802	Marheshvan	29	2041-10-26
M	5802	Kislev	30	2041-11-24
M	5802	Teves	29	2041-12-24
M	5802	Shvat	30	2042-01-22
M	5802	Adar	29	2042-02-21
M	5802	Nisan	30	2042-03-22
M	5802	Iyar	29	2042-04-21
M	5802	Sivan	30	2042-05-20
M	5802	Tammuz	29	2042-06-19
M	5802	Av	30	2042-07-18
M	5802	Elul	29	2042-08-17
M	5803	Tishrei	30	2042-09-15
M	5803	Marheshvan	30	2042-10-15
M	5803	Kislev	30	2042-11-14
M	5803	Teves	29	2042-12-14
M	5803	Shvat	30	2043-01-12
M	5803	AdarI	30	2043-02-11
M	5803	AdarII	29	2043-03-13
M	5803	Nisan	30	2043-04-11
M	5803	Iyar	29	2043-05-11
M	5803	Sivan	30	2043-06-09
M	5803	Tammuz	29	2043-07-09
M	5803	Av	30	2043-08-07
M	5803	Elul	29	2043-09-06
M	5804	Tishrei	30	2043-10-05
M	5804	Marheshvan	29	2043-11-04
M	5804	Kislev	29	2043-12-03
M	5804	Teves	29	2044-01-01
M	5804	Shvat	30	2044-01-30
M	5804	Adar	29	2044-02-29
M	5804	Nisan	30	2044-03-29
M	5804	Iyar	29	2044-04-28
M	5804	Sivan	30	2044-05-27
M	5804	Tammuz	29	2044-06-26
M	5804	Av	30	2044-07-25
M	5804	Elul	29	2044-08-24
M	5805	Tishrei	30	2044-09-22
M	5805	Marheshvan	30	2044-10-22
M	5805	Kislev	30	2044-11-21
M	5805	Teves	29	2044-12-21
M	5805	Shvat	30	2045-01-19
M	5805	Adar	29	2045-02-18
M	5805	Nisan	30	2045-03-19
M	5805	Iyar	29	2045-04-18
M	5805	Sivan	30	2045-05-17
M	5805	Tammuz	29	2045-06-16
M	5805	Av	30	2045-07-15
M	5805	Elul	29	2045-08-14
M	5806	Tishrei	30	2045-09-12
M	5806	Marheshvan	29	2045-10-12
M	5806	Kislev	30	2045-11-10
M	5806	Teves	29	2045-12-10
M	5806	Shvat	30	2046-01-08
M	5806	AdarI	30	2046-02-07
M	5806	AdarII	29	2046-03-09
M	5806	Nisan	30	2046-04-07
M	5806	Iyar	29	2046-05-07
M	5806	Sivan	30	2046-06-05
M	5806	Tammuz	29	2046-07-05
M	5806	Av	30	2046-08-03
M	5806	Elul	29	2046-09-02
M	5807	Tishrei	30	2046-10-01
M	5807	Marheshvan	30	2046-10-31
M	5807	Kislev	30	2046-11-30
M	5807	Teves	29	2046-12-30
M	5807	Shvat	30	2047-01-28
M	5807	Adar	29	2047-02-27
M	5807	Nisan	30	2047-03-28
M	5807	Iyar	29	2047-04-27
M	5807	Sivan	30	2047-05-26
M	5807	Tammuz	29	2047-06-25
M	5807	Av	30	2047-07-24
M	5807	Elul	29	2047-08-23
M	5808	Tishrei	30	2047-09-21
M	5808	Marheshvan	29	2047-10-21
M	5808	Kislev	29	2047-11-19
M	5808	Teves	29	2047-12-18
M	5808	Shvat	30	2048-01-16
M	5808	Adar	29	2048-02-15
M	5808	Nisan	30	2048-03-15
M	5808	Iyar	29	2048-04-14
M	5808	Sivan	30	2048-05-13
M	5808	Tammuz	29	2048-06-12
M	5808	Av	30	2048-07-11
M	5808	Elul	29	2048-08-10
M	5809	Tishrei	30	2048-09-08
M	5809	Marheshvan	29	2048-10-08
M	5809	Kislev	30	2048-11-06
M	5809	Teves	29	2048-12-06
M	5809	Shvat	30	2049-01-04
M	5809	AdarI	30	2049-02-03
M	5809	AdarII	29	2049-03-05
M	5809	Nisan	30	2049-04-03
M	5809	Iyar	29	2049-05-03
M	5809	Sivan	30	2049-06-01
M	5809	Tammuz	29	2049-07-01
M	5809	Av	30	2049-07-30
M	5809	Elul	29	2049-08-29
M	5810	Tishrei	30	2049-09-27
M	5810	Marheshvan	30	2049-10-27
M	5810	Kislev	30	2049-11-26
M	5810	Teves	29	2049-12-26
M	5810	Shvat	30	2050-01-24
M	5810	Adar	29	2050-02-23
M	5810	Nisan	30	2050-03-24
M	5810	Iyar	29	2050-04-23
M	5810	Sivan	30	2050-05-22
M	5810	Tammuz	29	2050-06-21
M	5810	Av	30	2050-07-20
M	5810	Elul	29	2050-08-19
M	5811	Tishrei	30	2050-09-17
M	5811	Marheshvan	30	2050-10-17
M	5811	Kislev	30	2050-11-16
M	5811	Teves	29	2050-12-16
M	5811	Shvat	30	2051-01-14
M	5811	Adar	29	2051-02-13
M	5811	Nisan	30	2051-03-14
M	5811	Iyar	29	2051-04-13
M	5811	Sivan	30	2051-05-12
M	5811	Tammuz	29	2051-06-11
M	5811	Av	30	2051-07-10
M	5811	Elul	29	2051-08-09
M	5812	Tishrei	30	2051-09-07
M	5812	Marheshvan	29	2051-10-07
M	5812	Kislev	29	2051-11-05
M	5812	Teves	29	2051-12-04
M	5812	Shvat	30	2052-01-02
M	5812	AdarI	30	2052-02-01
M	5812	AdarII	29	2052-03-02
M	5812	Nisan	30	2052-03-31
M	5812	Iyar	29	2052-04-30
M	5812	Sivan	30	2052-05-29
M	5812	Tammuz	29	2052-06-28
M	5812	Av	30	2052-07-27
M	5812	Elul	29	2052-08-26
M	5813	Tishrei	30	2052-09-24
M	5813	Marheshvan	29	2052-10-24
M	5813	Kislev	30	2052-11-22
M	5813	Teves	29	2052-12-22
M	5813	Shvat	30	2053-01-20
M	5813	Adar	29	2053-02-19
M	5813	Nisan	30	2053-03-20
M	5813	Iyar	29	2053-04-19
M	5813	Sivan	30	2053-05-18
M	5813	Tammuz	29	2053-06-17
M	5813	Av	30	2053-07-16
M	5813	Elul	29	2053-08-15
M	5814	Tishrei	30	2053-09-13
M	5814	Marheshvan	30	2053-10-13
M	5814	Kislev	30	2053-11-12
M	5814	Teves	29	2053-12-12
M	5814	Shvat	30	2054-01-10
M	5814	AdarI	30	2054-02-09
M	5814	AdarII	29	2054-03-11
M	5814	Nisan	30	2054-04-09
M	5814	Iyar	29	2054-05-09
M	5814	Sivan	30	2054-06-07
M	5814	Tammuz	29	2054-07-07
M	5814	Av	30	2054-08-05
M	5814	Elul	29	2054-09-04
M	5815	Tishrei	30	2054-10-03
M	5815	Marheshvan	30	2054-11-02
M	5815	Kislev	30	2054-12-02
M	5815	Teves	29	2055-01-01
M	5815	Shvat	30	2055-01-30
M	5815	Adar	29	2055-03-01
M	5815	Nisan	30	2055-03-30
M	5815	Iyar	29	2055-04-29
M	5815	Sivan	30	2055-05-28
M	5815	Tammuz	29	2055-06-27
M	5815	Av	30	2055-07-26
M	5815	Elul	29	2055-08-25
M	5816	Tishrei	30	2055-09-23
M	5816	Marheshvan	29	2055-10-23
M	5816	Kislev	30	2055-11-21
M	5816	Teves	29	2055-12-21
M	5816	Shvat	30	2056-01-19
M	5816	Adar	29	2056-02-18
M	5816	Nisan	30	2056-03-18
M	5816	Iyar	29	2056-04-17
M	5816	Sivan	30	2056-05-16
M	5816	Tammuz	29	2056-06-15
M	5816	Av	30	2056-07-14
M	5816	Elul	29	2056-08-13
M	5817	Tishrei	30	2056-09-11
M	5817	Marheshvan	29	2056-10-11
M	5817	Kislev	29	2056-11-09
M	5817	Teves	29	2056-12-08
M	5817	Shvat	30	2057-01-06
M	5817	AdarI	30	2057-02-05
M	5817	AdarII	29	2057-03-07
M	5817	Nisan	30	2057-04-05
M	5817	Iyar	29	2057-05-05
M	5817	Sivan	30	2057-06-03
M	5817	Tammuz	29	2057-07-03
M	5817	Av	30	2057-08-01
M	5817	Elul	29	2057-08-31
M	5818	Tishrei	30	2057-09-29
M	5818	Marheshvan	30	2057-10-29
M	5818	Kislev	30	2057-11-28
M	5818	Teves	29	2057-12-28
M	5818	Shvat	30	2058-01-26
M	5818	Adar	29	2058-02-25
M	5818	Nisan	30	2058-03-26
M	5818	Iyar	29	2058-04-25
M	5818	Sivan	30	2058-05-24
M	5818	Tammuz	29	2058-06-23
M	5818	Av	30	2058-07-22
M	5818	Elul	29	2058-08-21
M	5819	Tishrei	30	2058-09-19
M	5819	Marheshvan	29	2058-10-19
M	5819	Kislev	30	2058-11-17
M	5819	Teves	29	2058-12-17
M	5819	Shvat	30	2059-01-15
M	5819	Adar	29	2059-02-14
M	5819	Nisan	30	2059-03-15
M	5819	Iyar	29	2059-04-14
M	5819	Sivan	30	2059-05-13
M	5819	Tammuz	29	2059-06-12
M	5819	Av	30	2059-07-11
M	5819	Elul	29	2059-08-10
M	5820	Tishrei	30	2059-09-08
M	5820	Marheshvan	29	2059-10-08
M	5820	Kislev	29	2059-11-06
M	5820	Teves	29	2059-12-05
M	5820	Shvat	30	2060-01-03
M	5820	AdarI	30	2060-02-02
M	5820	AdarII	29	2060-03-03
M	5820	Nisan	30	2060-04-01
M	5820	Iyar	29	2060-05-01
M	5820	Sivan	30	2060-05-30
M	5820	Tammuz	29	2060-06-29
M	5820	Av	30	2060-07-28
M	5820	Elul	29	2060-08-27
M	5821	Tishrei	30	2060-09-25
M	5821	Marheshvan	30	2060-10-25
M	5821	Kislev	30	2060-11-24
M	5821	Teves	29	2060-12-24
M	5821	Shvat	30	2061-01-22
M	5821	Adar	29	2061-02-21
M	5821	Nisan	30	2061-03-22
M	5821	Iyar	29	2061-04-21
M	5821	Sivan	30	2061-05-20
M	5821	Tammuz	29	2061-06-19
M	5821	Av	30	2061-07-18
M	5821	Elul	29	2061-08-17
M	5822	Tishrei	30	2061-09-15
M	5822	Marheshvan	30	2061-10-15
M	5822	Kislev	30	2061-11-14
M	5822	Teves	29	2061-12-14
M	5822	Shvat	30	2062-01-12
M	5822	AdarI	30	2062-02-11
M	5822	AdarII	29	2062-03-13
M	5822	Nisan	30	2062-04-11
M	5822	Iyar	29	2062-05-11
M	5822	Sivan	30	2062-06-09
M	5822	Tammuz	29	2062-07-09
M	5822	Av	30	2062-08-07
M	5822	Elul	29	2062-09-06
M	5823	Tishrei	30	2062-10-05
M	5823	Marheshvan	29	2062-11-04
M	5823	Kislev	30	2062-12-03
M	5823	Teves	29	2063-01-02
M	5823	Shvat	30	2063-01-31
M	5823	Adar	29	2063-03-02
M	5823	Nisan	30	2063-03-31
M	5823	Iyar	29	2063-04-30
M	5823	Sivan	30	2063-05-29
M	5823	Tammuz	29	2063-06-28
M	5823	Av	30	2063-07-27
M	5823	Elul	29	2063-08-26
M	5824	Tishrei	30	2063-09-24
M	5824	Marheshvan	29	2063-10-24
M	5824	Kislev	29	2063-11-22
M	5824	Teves	29	2063-12-21
M	5824	Shvat	30	2064-01-19
M	5824	Adar	29	2064-02-18
M	5824	Nisan	30	2064-03-18
M	5824	Iyar	29	2064-04-17
M	5824	Sivan	30	2064-05-16
M	5824	Tammuz	29	2064-06-15
M	5824	Av	30	2064-07-14
M	5824	Elul	29	2064-08-13
M	5825	Tishrei	30	2064-09-11
M	5825	Marheshvan	30	2064-10-11
M	5825	Kislev	30	2064-11-10
M	5825	Teves	29	2064-12-10
M	5825	Shvat	30	2065-01-08
M	5825	AdarI	30	2065-02-07
M	5825	AdarII	29	2065-03-09
M	5825	Nisan	30	2065-04-07
M	5825	Iyar	29	2065-05-07
M	5825	Sivan	30	2065-06-05
M	5825	Tammuz	29	2065-07-05
M	5825	Av	30	2065-08-03
M	5825	Elul	29	2065-09-02
M	5826	Tishrei	30	2065-10-01
M	5826	Marheshvan	29	2065-10-31
M	5826	Kislev	30	2065-11-29
M	5826	Teves	29	2065-12-29
M	5826	Shvat	30	2066-01-27
M	5826	Adar	29	2066-02-26
M	5826	Nisan	30	2066-03-27
M	5826	Iyar	29	2066-04-26
M	5826	Sivan	30	2066-05-25
M	5826	Tammuz	29	2066-06-24
M	5826	Av	30	2066-07-23
M	5826	Elul	29	2066-08-22
M	5827	Tishrei	30	2066-09-20
M	5827	Marheshvan	30	2066-10-20
M	5827	Kislev	30	2066-11-19
M	5827	Teves	29	2066-12-19
M	5827	Shvat	30	2067-01-17
M	5827	Adar	29	2067-02-16
M	5827	Nisan	30	2067-03-17
M	5827	Iyar	29	2067-04-16
M	5827	Sivan	30	2067-05-15
M	5827	Tammuz	29	2067-06-14
M	5827	Av	30	2067-07-13
M	5827	Elul	29	2067-08-12
M	5828	Tishrei	30	2067-09-10
M	5828	Marheshvan	29	2067-10-10
M	5828	Kislev	29	2067-11-08
M	5828	Teves	29	2067-12-07
M	5828	Shvat	30	2068-01-05
M	5828	AdarI	30	2068-02-04
M	5828	AdarII	29	2068-03-05
M	5828	Nisan	30	2068-04-03
M	5828	Iyar	29	2068-05-03
M	5828	Sivan	30	2068-06-01
M	5828	Tammuz	29	2068-07-01
M	5828	Av	30	2068-07-30
M	5828	Elul	29	2068-08-29
M	5829	Tishrei	30	2068-09-27
M	5829	Marheshvan	29	2068-10-27
M	5829	Kislev	30	2068-11-25
M	5829	Teves	29	2068-12-25
M	5829	Shvat	30	2069-01-23
M	5829	Adar	29	2069-02-22
M	5829	Nisan	30	2069-03-23
M	5829	Iyar	29	2069-04-22
M	5829	Sivan	30	2069-05-21
M	5829	Tammuz	29	2069-06-20
M	5829	Av	30	2069-07-19
M	5829	Elul	29	2069-08-18
M	5830	Tishrei	30	2069-09-16
M	5830	Marheshvan	30	2069-10-16
M	5830	Kislev	30	2069-11-15
M	5830	Teves	29	2069-12-15
M	5830	Shvat	30	2070-01-13
M	5830	Adar	29	2070-02-12
M	5830	Nisan	30	2070-03-13
M	5830	Iyar	29	2070-04-12
M	5830	Sivan	30	2070-05-11
M	5830	Tammuz	29	2070-06-10
M	5830	Av	30	2070-07-09
M	5830	Elul	29	2070-08-08
M	5831	Tishrei	30	2070-09-06
M	5831	Marheshvan	29	2070-10-06
M	5831	Kislev	29	2070-11-04
M	5831	Teves	29	2070-12-03
M	5831	Shvat	30	2071-01-01
M	5831	AdarI	30	2071-01-31
M	5831	AdarII	29	2071-03-02
M	5831	Nisan	30	2071-03-31
M	5831	Iyar	29	2071-04-30
M	5831	Sivan	30	2071-05-29
M	5831	Tammuz	29	2071-06-28
M	5831	Av	30	2071-07-27
M	5831	Elul	29	2071-08-26
M	5832	Tishrei	30	2071-09-24
M	5832	Marheshvan	30	2071-10-24
M	5832	Kislev	30	2071-11-23
M	5832	Teves	29	2071-12-23
M	5832	Shvat	30	2072-01-21
M	5832	Adar	29	2072-02-20
M	5832	Nisan	30	2072-03-20
M	5832	Iyar	29	2072-04-19
M	5832	Sivan	30	2072-05-18
M	5832	Tammuz	29	2072-06-17
M	5832	Av	30	2072-07-16
M	5832	Elul	29	2072-08-15
M	5833	Tishrei	30	2072-09-13
M	5833	Marheshvan	29	2072-10-13
M	5833	Kislev	30	2072-11-11
M	5833	Teves	29	2072-12-11
M	5833	Shvat	30	2073-01-09
M	5833	AdarI	30	2073-02-08
M	5833	AdarII	29	2073-03-10
M	5833	Nisan	30	2073-04-08
M	5833	Iyar	29	2073-05-08
M	5833	Sivan	30	2073-06-06
M	5833	Tammuz	29	2073-07-06
M	5833	Av	30	2073-08-04
M	5833	Elul	29	2073-09-03
M	5834	Tishrei	30	2073-10-02
M	5834	Marheshvan	30	2073-11-01
M	5834	Kislev	30	2073-12-01
M	5834	Teves	29	2073-12-31
M	5834	Shvat	30	2074-01-29
M	5834	Adar	29	2074-02-28
M	5834	Nisan	30	2074-03-29
M	5834	Iyar	29	2074-04-28
M	5834	Sivan	30	2074-05-27
M	5834	Tammuz	29	2074-06-26
M	5834	Av	30	2074-07-25
M	5834	Elul	29	2074-08-24
M	5835	Tishrei	30	2074-09-22
M	5835	Marheshvan	29	2074-10-22
M	5835	Kislev	29	2074-11-20
M	5835	Teves	29	2074-12-19
M	5835	Shvat	30	2075-01-17
M	5835	Adar	29	2075-02-16
M	5835	Nisan	30	2075-03-17
M	5835	Iyar	29	2075-04-16
M	5835	Sivan	30	2075-05-15
M	5835	Tammuz	29	2075-06-14
M	5835	Av	30	2075-07-13
M	5835	Elul	29	2075-08-12
M	5836	Tishrei	30	2075-09-10
M	5836	Marheshvan	29	2075-10-10
M	5836	Kislev	30	2075-11-08
M	5836	Teves	29	2075-12-08
M	5836	Shvat	30	2076-01-06
M	5836	AdarI	30	2076-02-05
M	5836	AdarII	29	2076-03-06
M	5836	Nisan	30	2076-04-04
M	5836	Iyar	29	2076-05-04
M	5836	Sivan	30	2076-06-02
M	5836	Tammuz	29	2076-07-02
M	5836	Av	30	2076-07-31
M	5836	Elul	29	2076-08-30
M	5837	Tishrei	30	2076-09-28
M	5837	Marheshvan	30	2076-10-28
M	5837	Kislev	30	2076-11-27
M	5837	Teves	29	2076-12-27
M	5837	Shvat	30	2077-01-25
M	5837	Adar	29	2077-02-24
M	5837	Nisan	30	2077-03-25
M	5837	Iyar	29	2077-04-24
M	5837	Sivan	30	2077-05-23
M	5837	Tammuz	29	2077-06-22
M	5837	Av	30	2077-07-21
M	5837	Elul	29	2077-08-20
M	5838	Tishrei	30	2077-09-18
M	5838	Marheshvan	30	2077-10-18
M	5838	Kislev	30	2077-11-17
M	5838	Teves	29	2077-12-17
M	5838	Shvat	30	2078-01-15
M	5838	Adar	29	2078-02-14
M	5838	Nisan	30	2078-03-15
M	5838	Iyar	29	2078-04-14
M	5838	Sivan	30	2078-05-13
M	5838	Tammuz	29	2078-06-12
M	5838	Av	30	2078-07-11
M	5838	Elul	29	2078-08-10
M	5839	Tishrei	30	2078-09-08
M	5839	Marheshvan	29	2078-10-08
M	5839	Kislev	29	2078-11-06
M	5839	Teves	29	2078-12-05
M	5839	Shvat	30	2079-01-03
M	5839	AdarI	30	2079-02-02
M	5839	AdarII	29	2079-03-04
M	5839	Nisan	30	2079-04-02
M	5839	Iyar	29	2079-05-02
M	5839	Sivan	30	2079-05-31
M	5839	Tammuz	29	2079-06-30
M	5839	Av	30	2079-07-29
M	5839	Elul	29	2079-08-28
M	5840	Tishrei	30	2079-09-26
M	5840	Marheshvan	29	2079-10-26
M	5840	Kislev	30	2079-11-24
M	5840	Teves	29	2079-12-24
M	5840	Shvat	30	2080-01-22
M	5840	Adar	29	2080-02-21
M	5840	Nisan	30	2080-03-21
M	5840	Iyar	29	2080-04-20
M	5840	Sivan	30	2080-05-19
M	5840	Tammuz	29	2080-06-18
M	5840	Av	30	2080-07-17
M	5840	Elul	29	2080-08-16
M	5841	Tishrei	30	2080-09-14
M	5841	Marheshvan	30	2080-10-14
M	5841	Kislev	30	2080-11-13
M	5841	Teves	29	2080-12-13
M	5841	Shvat	30	2081-01-11
M	5841	AdarI	30	2081-02-10
M	5841	AdarII	29	2081-03-12
M	5841	Nisan	30	2081-04-10
M	5841	Iyar	29	2081-05-10
M	5841	Sivan	30	2081-06-08
M	5841	Tammuz	29	2081-07-08
M	5841	Av	30	2081-08-06
M	5841	Elul	29	2081-09-05
M	5842	Tishrei	30	2081-10-04
M	5842	Marheshvan	30	2081-11-03
M	5842	Kislev	30	2081-12-03
M	5842	Teves	29	2082-01-02
M	5842	Shvat	30	2082-01-31
M	5842	Adar	29	2082-03-02
M	5842	Nisan	30	2082-03-31
M	5842	Iyar	29	2082-04-30
M	5842	Sivan	30	2082-05-29
M	5842	Tammuz	29	2082-06-28
M	5842	Av	30	2082-07-27
M	5842	Elul	29	2082-08-26
M	5843	Tishrei	30	2082-09-24
M	5843	Marheshvan	29	2082-10-24
M	5843	Kislev	30	2082-11-22
M	5843	Teves	29	2082-12-22
M	5843	Shvat	30	2083-01-20
M	5843	Adar	29	2083-02-19
M	5843	Nisan	30	2083-03-20
M	5843	Iyar	29	2083-04-19
M	5843	Sivan	30	2083-05-18
M	5843	Tammuz	29	2083-06-17
M	5843	Av	30	2083-07-16
M	5843	Elul	29	2083-08-15
M	5844	Tishrei	30	2083-09-13
M	5844	Marheshvan	29	2083-10-13
M	5844	Kislev	29	2083-11-11
M	5844	Teves	29	2083-12-10
M	5844	Shvat	30	2084-01-08
M	5844	AdarI	30	2084-02-07
M	5844	AdarII	29	2084-03-08
M	5844	Nisan	30	2084-04-06
M	5844	Iyar	29	2084-05-06
M	5844	Sivan	30	2084-06-04
M	5844	Tammuz	29	2084-07-04
M	5844	Av	30	2084-08-02
M	5844	Elul	29	2084-09-01
M	5845	Tishrei	30	2084-09-30
M	5845	Marheshvan	30	2084-10-30
M	5845	Kislev	30	2084-11-29
M	5845	Teves	29	2084-12-29
M	5845	Shvat	30	2085-01-27
M	5845	Adar	29	2085-02-26
M	5845	Nisan	30	2085-03-27
M	5845	Iyar	29	2085-04-26
M	5845	Sivan	30	2085-05-25
M	5845	Tammuz	29	2085-06-24
M	5845	Av	30	2085-07-23
M	5845	Elul	29	2085-08-22
M	5846	Tishrei	30	2085-09-20
M	5846	Marheshvan	29	2085-10-20
M	5846	Kislev	30	2085-11-18
M	5846	Teves	29	2085-12-18
M	5846	Shvat	30	2086-01-16
M	5846	Adar	29	2086-02-15
M	5846	Nisan	30	2086-03-16
M	5846	Iyar	29	2086-04-15
M	5846	Sivan	30	2086-05-14
M	5846	Tammuz	29	2086-06-13
M	5846	Av	30	2086-07-12
M	5846	Elul	29	2086-08-11
M	5847	Tishrei	30	2086-09-09
M	5847	Marheshvan	29	2086-10-09
M	5847	Kislev	29	2086-11-07
M	5847	Teves	29	2086-12-06
M	5847	Shvat	30	2087-01-04
M	5847	AdarI	30	2087-02-03
M	5847	AdarII	29	2087-03-05
M	5847	Nisan	30	2087-04-03
M	5847	Iyar	29	2087-05-03
M	5847	Sivan	30	2087-06-01
M	5847	Tammuz	29	2087-07-01
M	5847	Av	30	2087-07-30
M	5847	Elul	29	2087-08-29
M	5848	Tishrei	30	2087-09-27
M	5848	Marheshvan	30	2087-10-27
M	5848	Kislev	30	2087-11-26
M	5848	Teves	29	2087-12-26
M	5848	Shvat	30	2088-01-24
M	5848	Adar	29	2088-02-23
M	5848	Nisan	30	2088-03-23
M	5848	Iyar	29	2088-04-22
M	5848	Sivan	30	2088-05-21
M	5848	Tammuz	29	2088-06-20
M	5848	Av	30	2088-07-19
M	5848	Elul	29	2088-08-18
M	5849	Tishrei	30	2088-09-16
M	5849	Marheshvan	29	2088-10-16
M	5849	Kislev	30	2088-11-14
M	5849	Teves	29	2088-12-14
M	5849	Shvat	30	2089-01-12
M	5849	Adar	29	2089-02-11
M	5849	Nisan	30	2089-03-12
M	5849	Iyar	29	2089-04-11
M	5849	Sivan	30	2089-05-10
M	5849	Tammuz	29	2089-06-09
M	5849	Av	30	2089-07-08
M	5849	Elul	29	2089-08-07
M	5850	Tishrei	30	2089-09-05
M	5850	Marheshvan	30	2089-10-05
M	5850	Kislev	30	2089-11-04
M	5850	Teves	29	2089-12-04
M	5850	Shvat	30	2090-01-02
M	5850	AdarI	30	2090-02-01
M	5850	AdarII	29	2090-03-03
M	5850	Nisan	30	2090-04-01
M	5850	Iyar	29	2090-05-01
M	5850	Sivan	30	2090-05-30
M	5850	Tammuz	29	2090-06-29
M	5850	Av	30	2090-07-28
M	5850	Elul	29	2090-08-27
M	5851	Tishrei	30	2090-09-25
M	5851	Marheshvan	29	2090-10-25
M	5851	Kislev	29	2090-11-23
M	5851	Teves	29	2090-12-22
M	5851	Shvat	30	2091-01-20
M	5851	Adar	29	2091-02-19
M	5851	Nisan	30	2091-03-20
M	5851	Iyar	29	2091-04-19
M	5851	Sivan	30	2091-05-18
M	5851	Tammuz	29	2091-06-17
M	5851	Av	30	2091-07-16
M	5851	Elul	29	2091-08-15
M	5852	Tishrei	30	2091-09-13
M	5852	Marheshvan	30	2091-10-13
M	5852	Kislev	30	2091-11-12
M	5852	Teves	29	2091-12-12
M	5852	Shvat	30	2092-01-10
M	5852	AdarI	30	2092-02-09
M	5852	AdarII	29	2092-03-10
M	5852	Nisan	30	2092-04-08
M	5852	Iyar	29	2092-05-08
M	5852	Sivan	30	2092-06-06
M	5852	Tammuz	29	2092-07-06
M	5852	Av	30	2092-08-04
M	5852	Elul	29	2092-09-03
M	5853	Tishrei	30	2092-10-02
M	5853	Marheshvan	29	2092-11-01
M	5853	Kislev	30	2092-11-30
M	5853	Teves	29	2092-12-30
M	5853	Shvat	30	2093-01-28
M	5853	Adar	29	2093-02-27
M	5853	Nisan	30	2093-03-28
M	5853	Iyar	29	2093-04-27
M	5853	Sivan	30	2093-05-26
M	5853	Tammuz	29	2093-06-25
M	5853	Av	30	2093-07-24
M	5853	Elul	29	2093-08-23
M	5854	Tishrei	30	2093-09-21
M	5854	Marheshvan	30	2093-10-21
M	5854	Kislev	30	2093-11-20
M	5854	Teves	29	2093-12-20
M	5854	Shvat	30	2094-01-18
M	5854	Adar	29	2094-02-17
M	5854	Nisan	30	2094-03-18
M	5854	Iyar	29	2094-04-17
M	5854	Sivan	30	2094-05-16
M	5854	Tammuz	29	2094-06-15
M	5854	Av	30	2094-07-14
M	5854	Elul	29	2094-08-13
M	5855	Tishrei	30	2094-09-11
M	5855	Marheshvan	29	2094-10-11
M	5855	Kislev	29	2094-11-09
M	5855	Teves	29	2094-12-08
M	5855	Shvat	30	2095-01-06
M	5855	AdarI	30	2095-02-05
M	5855	AdarII	29	2095-03-07
M	5855	Nisan	30	2095-04-05
M	5855	Iyar	29	2095-05-05
M	5855	Sivan	30	2095-06-03
M	5855	Tammuz	29	2095-07-03
M	5855	Av	30	2095-08-01
M	5855	Elul	29	2095-08-31
M	5856	Tishrei	30	2095-09-29
M	5856	Marheshvan	29	2095-10-29
M	5856	Kislev	30	2095-11-27
M	5856	Teves	29	2095-12-27
M	5856	Shvat	30	2096-01-25
M	5856	Adar	29	2096-02-24
M	5856	Nisan	30	2096-03-24
M	5856	Iyar	29	2096-04-23
M	5856	Sivan	30	2096-05-22
M	5856	Tammuz	29	2096-06-21
M	5856	Av	30	2096-07-20
M	5856	Elul	29	2096-08-19
M	5857	Tishrei	30	2096-09-17
M	5857	Marheshvan	30	2096-10-17
M	5857	Kislev	30	2096-11-16
M	5857	Teves	29	2096-12-16
M	5857	Shvat	30	2097-01-14
M	5857	Adar	29	2097-02-13
M	5857	Nisan	30	2097-03-14
M	5857	Iyar	29	2097-04-13
M	5857	Sivan	30	2097-05-12
M	5857	Tammuz	29	2097-06-11
M	5857	Av	30	2097-07-10
M	5857	Elul	29	2097-08-09
M	5858	Tishrei	30	2097-09-07
M	5858	Marheshvan	30	2097-10-07
M	5858	Kislev	30	2097-11-06
M	5858	Teves	29	2097-12-06
M	5858	Shvat	30	2098-01-04
M	5858	AdarI	30	2098-02-03
M	5858	AdarII	29	2098-03-05
M	5858	Nisan	30	2098-04-03
M	5858	Iyar	29	2098-05-03
M	5858	Sivan	30	2098-06-01
M	5858	Tammuz	29	2098-07-01
M	5858	Av	30	2098-07-30
M	5858	Elul	29	2098-08-29
M	5859	Tishrei	30	2098-09-27
M	5859	Marheshvan	29	2098-10-27
M	5859	Kislev	29	2098-11-25
M	5859	Teves	29	2098-12-24
M	5859	Shvat	30	2099-01-22
M	5859	Adar	29	2099-02-21
M	5859	Nisan	30	2099-03-22
M	5859	Iyar	29	2099-04-21
M	5859	Sivan	30	2099-05-20
M	5859	Tammuz	29	2099-06-19
M	5859	Av	30	2099-07-18
M	5859	Elul	29	2099-08-17
M	5860	Tishrei	30	2099-09-15
M	5860	Marheshvan	29	2099-10-15
M	5860	Kislev	30	2099-11-13
M	5860	Teves	29	2099-12-13
M	5860	Shvat	30	2100-01-11
M	5860	AdarI	30	2100-02-10
M	5860	AdarII	29	2100-03-12
M	5860	Nisan	30	2100-04-10
M	5860	Iyar	29	2100-05-10
M	5860	Sivan	30	2100-06-08
M	5860	Tammuz	29	2100-07-08
M	5860	Av	30	2100-08-06
M	5860	Elul	29	2100-09-05
M	5861	Tishrei	30	2100-10-04
M	5861	Marheshvan	30	2100-11-03
M	5861	Kislev	30	2100-12-03
M	5861	Teves	29	2101-01-02
M	5861	Shvat	30	2101-01-31
M	5861	Adar	29	2101-03-02
M	5861	Nisan	30	2101-03-31
M	5861	Iyar	29	2101-04-30
M	5861	Sivan	30	2101-05-29
M	5861	Tammuz	29	2101-06-28
M	5861	Av	30	2101-07-27
M	5861	Elul	29	2101-08-26
M	5862	Tishrei	30	2101-09-24
M	5862	Marheshvan	30	2101-10-24
M	5862	Kislev	30	2101-11-23
M	5862	Teves	29	2101-12-23
M	5862	Shvat	30	2102-01-21
M	5862	Adar	29	2102-02-20
M	5862	Nisan	30	2102-03-21
M	5862	Iyar	29	2102-04-20
M	5862	Sivan	30	2102-05-19
M	5862	Tammuz	29	2102-06-18
M	5862	Av	30	2102-07-17
M	5862	Elul	29	2102-08-16
M	5863	Tishrei	30	2102-09-14
M	5863	Marheshvan	29	2102-10-14
M	5863	Kislev	29	2102-11-12
M	5863	Teves	29	2102-12-11
M	5863	Shvat	30	2103-01-09
M	5863	AdarI	30	2103-02-08
M	5863	AdarII	29	2103-03-10
M	5863	Nisan	30	2103-04-08
M	5863	Iyar	29	2103-05-08
M	5863	Sivan	30	2103-06-06
M	5863	Tammuz	29	2103-07-06
M	5863	Av	30	2103-08-04
M	5863	Elul	29	2103-09-03
M	5864	Tishrei	30	2103-10-02
M	5864	Marheshvan	29	2103-11-01
M	5864	Kislev	30	2103-11-30
M	5864	Teves	29	2103-12-30
M	5864	Shvat	30	2104-01-28
M	5864	Adar	29	2104-02-27
M	5864	Nisan	30	2104-03-27
M	5864	Iyar	29	2104-04-26
M	5864	Sivan	30	2104-05-25
M	5864	Tammuz	29	2104-06-24
M	5864	Av	30	2104-07-23
M	5864	Elul	29	2104-08-22
M	5865	Tishrei	30	2104-09-20
M	5865	Marheshvan	30	2104-10-20
M	5865	Kislev	30	2104-11-19
M	5865	Teves	29	2104-12-19
M	5865	Shvat	30	2105-01-17
M	5865	Adar	29	2105-02-16
M	5865	Nisan	30	2105-03-17
M	5865	Iyar	29	2105-04-16
M	5865	Sivan	30	2105-05-15
M	5865	Tammuz	29	2105-06-14
M	5865	Av	30	2105-07-13
M	5865	Elul	29	2105-08-12
M	5866	Tishrei	30	2105-09-10
M	5866	Marheshvan	30	2105-10-10
M	5866	Kislev	30	2105-11-09
M	5866	Teves	29	2105-12-09
M	5866	Shvat	30	2106-01-07
M	5866	AdarI	30	2106-02-06
M	5866	AdarII	29	2106-03-08
M	5866	Nisan	30	2106-04-06
M	5866	Iyar	29	2106-05-06
M	5866	Sivan	30	2106-06-04
M	5866	Tammuz	29	2106-07-04
M	5866	Av	30	2106-08-02
M	5866	Elul	29	2106-09-01
M	5867	Tishrei	30	2106-09-30
M	5867	Marheshvan	29	2106-10-30
M	5867	Kislev	30	2106-11-28
M	5867	Teves	29	2106-12-28
M	5867	Shvat	30	2107-01-26
M	5867	Adar	29	2107-02-25
M	5867	Nisan	30	2107-03-26
M	5867	Iyar	29	2107-04-25
M	5867	Sivan	30	2107-05-24
M	5867	Tammuz	29	2107-06-23
M	5867	Av	30	2107-07-22
M	5867	Elul	29	2107-08-21
M	5868	Tishrei	30	2107-09-19
M	5868	Marheshvan	29	2107-10-19
M	5868	Kislev	29	2107-11-17
M	5868	Teves	29	2107-12-16
M	5868	Shvat	30	2108-01-14
M	5868	Adar	29	2108-02-13
M	5868	Nisan	30	2108-03-13
M	5868	Iyar	29	2108-04-12
M	5868	Sivan	30	2108-05-11
M	5868	Tammuz	29	2108-06-10
M	5868	Av	30	2108-07-09
M	5868	Elul	29	2108-08-08
M	5869	Tishrei	30	2108-09-06
M	5869	Marheshvan	30	2108-10-06
M	5869	Kislev	30	2108-11-05
M	5869	Teves	29	2108-12-05
M	5869	Shvat	30	2109-01-03
M	5869	AdarI	30	2109-02-02
M	5869	AdarII	29	2109-03-04
M	5869	Nisan	30	2109-04-02
M	5869	Iyar	29	2109-05-02
M	5869	Sivan	30	2109-05-31
M	5869	Tammuz	29	2109-06-30
M	5869	Av	30	2109-07-29
M	5869	Elul	29	2109-08-28
M	5870	Tishrei	30	2109-09-26
M	5870	Marheshvan	29	2109-10-26
M	5870	Kislev	30	2109-11-24
M	5870	Teves	29	2109-12-24
M	5870	Shvat	30	2110-01-22
M	5870	Adar	29	2110-02-21
M	5870	Nisan	30	2110-03-22
M	5870	Iyar	29	2110-04-21
M	5870	Sivan	30	2110-05-20
M	5870	Tammuz	29	2110-06-19
M	5870	Av	30	2110-07-18
M	5870	Elul	29	2110-08-17
M	5871	Tishrei	30	2110-09-15
M	5871	Marheshvan	29	2110-10-15
M	5871	Kislev	29	2110-11-13
M	5871	Teves	29	2110-12-12
M	5871	Shvat	30	2111-01-10
M	5871	AdarI	30	2111-02-09
M	5871	AdarII	29	2111-03-11
M	5871	Nisan	30	2111-04-09
M	5871	Iyar	29	2111-05-09
M	5871	Sivan	30	2111-06-07
M	5871	Tammuz	29	2111-07-07
M	5871	Av	30	2111-08-05
M	5871	Elul	29	2111-09-04
M	5872	Tishrei	30	2111-10-03
M	5872	Marheshvan	30	2111-11-02
M	5872	Kislev	30	2111-12-02
M	5872	Teves	29	2112-01-01
M	5872	Shvat	30	2112-01-30
M	5872	Adar	29	2112-02-29
M	5872	Nisan	30	2112-03-29
M	5872	Iyar	29	2112-04-28
M	5872	Sivan	30	2112-05-27
M	5872	Tammuz	29	2112-06-26
M	5872	Av	30	2112-07-25
M	5872	Elul	29	2112-08-24
M	5873	Tishrei	30	2112-09-22
M	5873	Marheshvan	29	2112-10-22
M	5873	Kislev	30	2112-11-20
M	5873	Teves	29	2112-12-20
M	5873	Shvat	30	2113-01-18
M	5873	Adar	29	2113-02-17
M	5873	Nisan	30	2113-03-18
M	5873	Iyar	29	2113-04-17
M	5873	Sivan	30	2113-05-16
M	5873	Tammuz	29	2113-06-15
M	5873	Av	30	2113-07-14
M	5873	Elul	29	2113-08-13
M	5874	Tishrei	30	2113-09-11
M	5874	Marheshvan	30	2113-10-11
M	5874	Kislev	30	2113-11-10
M	5874	Teves	29	2113-12-10
M	5874	Shvat	30	2114-01-08
M	5874	AdarI	30	2114-02-07
M	5874	AdarII	29	2114-03-09
M	5874	Nisan	30	2114-04-07
M	5874	Iyar	29	2114-05-07
M	5874	Sivan	30	2114-06-05
M	5874	Tammuz	29	2114-07-05
M	5874	Av	30	2114-08-03
M	5874	Elul	29	2114-09-02
M	5875	Tishrei	30	2114-10-01
M	5875	Marheshvan	29	2114-10-31
M	5875	Kislev	29	2114-11-29
M	5875	Teves	29	2114-12-28
M	5875	Shvat	30	2115-01-26
M	5875	Adar	29	2115-02-25
M	5875	Nisan	30	2115-03-26
M	5875	Iyar	29	2115-04-25
M	5875	Sivan	30	2115-05-24
M	5875	Tammuz	29	2115-06-23
M	5875	Av	30	2115-07-22
M	5875	Elul	29	2115-08-21
M	5876	Tishrei	30	2115-09-19
M	5876	Marheshvan	29	2115-10-19
M	5876	Kislev	30	2115-11-17
M	5876	Teves	29	2115-12-17
M	5876	Shvat	30	2116-01-15
M	5876	Adar	29	2116-02-14
M	5876	Nisan	30	2116-03-14
M	5876	Iyar	29	2116-04-13
M	5876	Sivan	30	2116-05-12
M	5876	Tammuz	29	2116-06-11
M	5876	Av	30	2116-07-10
M	5876	Elul	29	2116-08-09
M	5877	Tishrei	30	2116-09-07
M	5877	Marheshvan	30	2116-10-07
M	5877	Kislev	30	2116-11-06
M	5877	Teves	29	2116-12-06
M	5877	Shvat	30	2117-01-04
M	5877	AdarI	30	2117-02-03
M	5877	AdarII	29	2117-03-05
M	5877	Nisan	30	2117-04-03
M	5877	Iyar	29	2117-05-03
M	5877	Sivan	30	2117-06-01
M	5877	Tammuz	29	2117-07-01
M	5877	Av	30	2117-07-30
M	5877	Elul	29	2117-08-29
M	5878	Tishrei	30	2117-09-27
M	5878	Marheshvan	30	2117-10-27
M	5878	Kislev	30	2117-11-26
M	5878	Teves	29	2117-12-26
M	5878	Shvat	30	2118-01-24
M	5878	Adar	29	2118-02-23
M	5878	Nisan	30	2118-03-24
M	5878	Iyar	29	2118-04-23
M	5878	Sivan	30	2118-05-22
M	5878	Tammuz	29	2118-06-21
M	5878	Av	30	2118-07-20
M	5878	Elul	29	2118-08-19
M	5879	Tishrei	30	2118-09-17
M	5879	Marheshvan	29	2118-10-17
M	5879	Kislev	29	2118-11-15
M	5879	Teves	29	2118-12-14
M	5879	Shvat	30	2119-01-12
M	5879	AdarI	30	2119-02-11
M	5879	AdarII	29	2119-03-13
M	5879	Nisan	30	2119-04-11
M	5879	Iyar	29	2119-05-11
M	5879	Sivan	30	2119-06-09
M	5879	Tammuz	29	2119-07-09
M	5879	Av	30	2119-08-07
M	5879	Elul	29	2119-09-06
M	5880	Tishrei	30	2119-10-05
M	5880	Marheshvan	29	2119-11-04
M	5880	Kislev	30	2119-12-03
M	5880	Teves	29	2120-01-02
M	5880	Shvat	30	2120-01-31
M	5880	Adar	29	2120-03-01
M	5880	Nisan	30	2120-03-30
M	5880	Iyar	29	2120-04-29
M	5880	Sivan	30	2120-05-28
M	5880	Tammuz	29	2120-06-27
M	5880	Av	30	2120-07-26
M	5880	Elul	29	2120-08-25
M	5881	Tishrei	30	2120-09-23
M	5881	Marheshvan	30	2120-10-23
M	5881	Kislev	30	2120-11-22
M	5881	Teves	29	2120-12-22
M	5881	Shvat	30	2121-01-20
M	5881	Adar	29	2121-02-19
M	5881	Nisan	30	2121-03-20
M	5881	Iyar	29	2121-04-19
M	5881	Sivan	30	2121-05-18
M	5881	Tammuz	29	2121-06-17
M	5881	Av	30	2121-07-16
M	5881	Elul	29	2121-08-15
M	5882	Tishrei	30	2121-09-13
M	5882	Marheshvan	29	2121-10-13
M	5882	Kislev	29	2121-11-11
M	5882	Teves	29	2121-12-10
M	5882	Shvat	30	2122-01-08
M	5882	AdarI	30	2122-02-07
M	5882	AdarII	29	2122-03-09
M	5882	Nisan	30	2122-04-07
M	5882	Iyar	29	2122-05-07
M	5882	Sivan	30	2122-06-05
M	5882	Tammuz	29	2122-07-05
M	5882	Av	30	2122-08-03
M	5882	Elul	29	2122-09-02
M	5883	Tishrei	30	2122-10-01
M	5883	Marheshvan	30	2122-10-31
M	5883	Kislev	30	2122-11-30
M	5883	Teves	29	2122-12-30
M	5883	Shvat	30	2123-01-28
M	5883	Adar	29	2123-02-27
M	5883	Nisan	30	2123-03-28
M	5883	Iyar	29	2123-04-27
M	5883	Sivan	30	2123-05-26
M	5883	Tammuz	29	2123-06-25
M	5883	Av	30	2123-07-24
M	5883	Elul	29	2123-08-23
M	5884	Tishrei	30	2123-09-21
M	5884	Marheshvan	29	2123-10-21
M	5884	Kislev	30	2123-11-19
M	5884	Teves	29	2123-12-19
M	5884	Shvat	30	2124-01-17
M	5884	Adar	29	2124-02-16
M	5884	Nisan	30	2124-03-16
M	5884	Iyar	29	2124-04-15
M	5884	Sivan	30	2124-05-14
M	5884	Tammuz	29	2124-06-13
M	5884	Av	30	2124-07-12
M	5884	Elul	29	2124-08-11
M	5885	Tishrei	30	2124-09-09
M	5885	Marheshvan	30	2124-10-09
M	5885	Kislev	30	2124-11-08
M	5885	Teves	29	2124-12-08
M	5885	Shvat	30	2125-01-06
M	5885	AdarI	30	2125-02-05
M	5885	AdarII	29	2125-03-07
M	5885	Nisan	30	2125-04-05
M	5885	Iyar	29	2125-05-05
M	5885	Sivan	30	2125-06-03
M	5885	Tammuz	29	2125-07-03
M	5885	Av	30	2125-08-01
M	5885	Elul	29	2125-08-31
M	5886	Tishrei	30	2125-09-29
M	5886	Marheshvan	30	2125-10-29
M	5886	Kislev	30	2125-11-28
M	5886	Teves	29	2125-12-28
M	5886	Shvat	30	2126-01-26
M	5886	Adar	29	2126-02-25
M	5886	Nisan	30	2126-03-26
M	5886	Iyar	29	2126-04-25
M	5886	Sivan	30	2126-05-24
M	5886	Tammuz	29	2126-06-23
M	5886	Av	30	2126-07-22
M	5886	Elul	29	2126-08-21
M	5887	Tishrei	30	2126-09-19
M	5887	Marheshvan	29	2126-10-19
M	5887	Kislev	30	2126-11-17
M	5887	Teves	29	2126-12-17
M	5887	Shvat	30	2127-01-15
M	5887	Adar	29	2127-02-14
M	5887	Nisan	30	2127-03-15
M	5887	Iyar	29	2127-04-14
M	5887	Sivan	30	2127-05-13
M	5887	Tammuz	29	2127-06-12
M	5887	Av	30	2127-07-11
M	5887	Elul	29	2127-08-10
M	5888	Tishrei	30	2127-09-08
M	5888	Marheshvan	29	2127-10-08
M	5888	Kislev	29	2127-11-06
M	5888	Teves	29	2127-12-05
M	5888	Shvat	30	2128-01-03
M	5888	AdarI	30	2128-02-02
M	5888	AdarII	29	2128-03-03
M	5888	Nisan	30	2128-04-01
M	5888	Iyar	29	2128-05-01
M	5888	Sivan	30	2128-05-30
M	5888	Tammuz	29	2128-06-29
M	5888	Av	30	2128-07-28
M	5888	Elul	29	2128-08-27
M	5889	Tishrei	30	2128-09-25
M	5889	Marheshvan	30	2128-10-25
M	5889	Kislev	30	2128-11-24
M	5889	Teves	29	2128-12-24
M	5889	Shvat	30	2129-01-22
M	5889	Adar	29	2129-02-21
M	5889	Nisan	30	2129-03-22
M	5889	Iyar	29	2129-04-21
M	5889	Sivan	30	2129-05-20
M	5889	Tammuz	29	2129-06-19
M	5889	Av	30	2129-07-18
M	5889	Elul	29	2129-08-17
M	5890	Tishrei	30	2129-09-15
M	5890	Marheshvan	29	2129-10-15
M	5890	Kislev	29	2129-11-13
M	5890	Teves	29	2129-12-12
M	5890	Shvat	30	2130-01-10
M	5890	AdarI	30	2130-02-09
M	5890	AdarII	29	2130-03-11
M	5890	Nisan	30	2130-04-09
M	5890	Iyar	29	2130-05-09
M	5890	Sivan	30	2130-06-07
M	5890	Tammuz	29	2130-07-07
M	5890	Av	30	2130-08-05
M	5890	Elul	29	2130-09-04
M	5891	Tishrei	30	2130-10-03
M	5891	Marheshvan	29	2130-11-02
M	5891	Kislev	30	2130-12-01
M	5891	Teves	29	2130-12-31
M	5891	Shvat	30	2131-01-29
M	5891	Adar	29	2131-02-28
M	5891	Nisan	30	2131-03-29
M	5891	Iyar	29	2131-04-28
M	5891	Sivan	30	2131-05-27
M	5891	Tammuz	29	2131-06-26
M	5891	Av	30	2131-07-25
M	5891	Elul	29	2131-08-24
M	5892	Tishrei	30	2131-09-22
M	5892	Marheshvan	30	2131-10-22
M	5892	Kislev	30	2131-11-21
M	5892	Teves	29	2131-12-21
M	5892	Shvat	30	2132-01-19
M	5892	Adar	29	2132-02-18
M	5892	Nisan	30	2132-03-18
M	5892	Iyar	29	2132-04-17
M	5892	Sivan	30	2132-05-16
M	5892	Tammuz	29	2132-06-15
M	5892	Av	30	2132-07-14
M	5892	Elul	29	2132-08-13
M	5893	Tishrei	30	2132-09-11
M	5893	Marheshvan	30	2132-10-11
M	5893	Kislev	30	2132-11-10
M	5893	Teves	29	2132-12-10
M	5893	Shvat	30	2133-01-08
M	5893	AdarI	30	2133-02-07
M	5893	AdarII	29	2133-03-09
M	5893	Nisan	30	2133-04-07
M	5893	Iyar	29	2133-05-07
M	5893	Sivan	30	2133-06-05
M	5893	Tammuz	29	2133-07-05
M	5893	Av	30	2133-08-03
M	5893	Elul	29	2133-09-02
M	5894	Tishrei	30	2133-10-01
M	5894	Marheshvan	29	2133-10-31
M	5894	Kislev	30	2133-11-29
M	5894	Teves	29	2133-12-29
M	5894	Shvat	30	2134-01-27
M	5894	Adar	29	2134-02-26
M	5894	Nisan	30	2134-03-27
M	5894	Iyar	29	2134-04-26
M	5894	Sivan	30	2134-05-25
M	5894	Tammuz	29	2134-06-24
M	5894	Av	30	2134-07-23
M	5894	Elul	29	2134-08-22
M	5895	Tishrei	30	2134-09-20
M	5895	Marheshvan	29	2134-10-20
M	5895	Kislev	29	2134-11-18
M	5895	Teves	29	2134-12-17
M	5895	Shvat	30	2135-01-15
M	5895	Adar	29	2135-02-14
M	5895	Nisan	30	2135-03-15
M	5895	Iyar	29	2135-04-14
M	5895	Sivan	30	2135-05-13
M	5895	Tammuz	29	2135-06-12
M	5895	Av	30	2135-07-11
M	5895	Elul	29	2135-08-10
M	5896	Tishrei	30	2135-09-08
M	5896	Marheshvan	30	2135-10-08
M	5896	Kislev	30	2135-11-07
M	5896	Teves	29	2135-12-07
M	5896	Shvat	30	2136-01-05
M	5896	AdarI	30	2136-02-04
M	5896	AdarII	29	2136-03-05
M	5896	Nisan	30	2136-04-03
M	5896	Iyar	29	2136-05-03
M	5896	Sivan	30	2136-06-01
M	5896	Tammuz	29	2136-07-01
M	5896	Av	30	2136-07-30
M	5896	Elul	29	2136-08-29
M	5897	Tishrei	30	2136-09-27
M	5897	Marheshvan	29	2136-10-27
M	5897	Kislev	30	2136-11-25
M	5897	Teves	29	2136-12-25
M	5897	Shvat	30	2137-01-23
M	5897	Adar	29	2137-02-22
M	5897	Nisan	30	2137-03-23
M	5897	Iyar	29	2137-04-22
M	5897	Sivan	30	2137-05-21
M	5897	Tammuz	29	2137-06-20
M	5897	Av	30	2137-07-19
M	5897	Elul	29	2137-08-18
M	5898	Tishrei	30	2137-09-16
M	5898	Marheshvan	29	2137-10-16
M	5898	Kislev	29	2137-11-14
M	5898	Teves	29	2137-12-13
M	5898	Shvat	30	2138-01-11
M	5898	AdarI	30	2138-02-10
M	5898	AdarII	29	2138-03-12
M	5898	Nisan	30	2138-04-10
M	5898	Iyar	29	2138-05-10
M	5898	Sivan	30	2138-06-08
M	5898	Tammuz	29	2138-07-08
M	5898	Av	30	2138-08-06
M	5898	Elul	29	2138-09-05
M	5899	Tishrei	30	2138-10-04
M	5899	Marheshvan	30	2138-11-03
M	5899	Kislev	30	2138-12-03
M	5899	Teves	29	2139-01-02
M	5899	Shvat	30	2139-01-31
M	5899	Adar	29	2139-03-02
M	5899	Nisan	30	2139-03-31
M	5899	Iyar	29	2139-04-30
M	5899	Sivan	30	2139-05-29
M	5899	Tammuz	29	2139-06-28
M	5899	Av	30	2139-07-27
M	5899	Elul	29	2139-08-26
M	5900	Tishrei	30	2139-09-24
M	5900	Marheshvan	29	2139-10-24
M	5900	Kislev	30	2139-11-22
M	5900	Teves	29	2139-12-22
M	5900	Shvat	30	2140-01-20
M	5900	Adar	29	2140-02-19
M	5900	Nisan	30	2140-03-19
M	5900	Iyar	29	2140-04-18
M	5900	Sivan	30	2140-05-17
M	5900	Tammuz	29	2140-06-16
M	5900	Av	30	2140-07-15
M	5900	Elul	29	2140-08-14
